A808,2,08/09/2017,3500,411047,5
B736,1,08/09/2017,680,411047,5
B893,1,06/11/2016,1190,411020,3
A808,1,30/06/2016,495,411033,7
B893,3,09/09/2017,660,411033,9
A808,2,05/08/2017,890,411033,9
B736,1,02/09/2017,400,411012,4
B736,4,03/03/2016,770,411012,5
B1101,4,02/11/2016,720,411033,7
D477,5,16/10/2015,3225,411028,10
H500,5,02/12/2016,2690,411041,3
C606,2,12/02/2014,844,411028,3
G664,3,27/01/2015,1923,411040,11
A816,6,08/01/2013,3864,411014,10
F551,6,26/07/2015,2652,411028,6
C944,4,17/01/2013,2372,411027,7
G235,2,06/11/2015,1064,411016,8
L252,3,09/01/2016,1887,411022,7
C170,3,20/07/2016,1599,411044,11
L719,6,24/04/2014,2892,411027,9
C603,2,05/03/2016,1268,411029,7
L391,5,14/03/2013,2485,411038,6
H454,5,09/01/2015,2075,411022,10
J320,6,09/09/2014,3558,411021,11
F259,6,12/11/2017,2448,411034,9
B379,5,08/01/2015,3050,411025,9
J172,5,15/06/2015,2440,411019,10
I522,6,04/06/2017,3552,411026,4
K805,4,02/01/2016,2624,411033,8
A143,3,11/06/2017,1779,411022,8
B148,2,20/04/2014,1118,411015,5
F645,4,08/09/2016,2668,411026,3
E198,5,01/07/2015,2780,411047,6
G808,3,16/10/2017,1743,411018,7
K580,2,24/02/2017,938,411028,11
C451,3,16/06/2013,1392,411031,4
I405,6,21/10/2013,2946,411037,9
I356,6,07/11/2017,3408,411012,9
I905,3,18/12/2013,1542,411026,7
H148,3,20/12/2014,1218,411012,10
L517,1,10/08/2015,649,411015,10
I152,5,14/03/2013,2770,411043,8
L630,3,23/08/2014,1671,411037,9
B383,4,20/08/2013,2320,411026,4
A627,3,25/07/2013,1653,411044,7
H578,4,07/03/2016,1736,411023,8
J293,1,04/02/2016,696,411037,9
E684,4,04/10/2016,1856,411022,11
G410,4,05/03/2013,2044,411023,5
B225,4,20/05/2014,2032,411040,9
E915,3,14/06/2015,1590,411024,7
F472,5,15/06/2016,2825,411030,7
B566,3,12/04/2015,1446,411023,10
B510,4,14/11/2013,2528,411028,8
F885,3,11/05/2016,2031,411016,10
F970,2,04/11/2014,1066,411014,10
C486,4,20/10/2013,1924,411021,9
F356,6,10/06/2017,3846,411036,5
F774,5,16/11/2016,2390,411015,7
E563,5,04/01/2015,3355,411020,3
B960,2,28/12/2016,1152,411038,11
F829,4,10/05/2015,2676,411030,8
C891,1,03/06/2014,564,411031,4
K731,4,08/02/2017,2156,411044,5
G762,1,18/10/2013,476,411047,3
J711,5,03/09/2016,2945,411031,10
E307,5,04/01/2016,3005,411043,8
L290,4,15/06/2016,1832,411027,5
L139,5,04/11/2013,2170,411024,8
L906,4,22/02/2015,1960,411032,3
C479,4,27/03/2014,2492,411016,10
A819,6,02/04/2015,2412,411022,9
K129,2,13/02/2013,1202,411034,9
C646,6,10/03/2017,3408,411039,6
B614,1,11/07/2014,440,411017,8
H887,3,05/05/2013,1413,411035,8
F685,1,09/02/2014,589,411038,6
D107,4,12/06/2017,2680,411023,11
K337,2,03/03/2013,1180,411044,4
E523,2,05/03/2016,1088,411029,3
K983,2,14/01/2017,1292,411015,8
C113,4,27/04/2016,1688,411042,9
J454,4,27/12/2015,1832,411014,4
J183,5,01/09/2015,2145,411035,4
G354,3,27/06/2017,1875,411041,3
A422,4,25/09/2016,2316,411033,8
I156,2,19/03/2017,1342,411046,10
F207,6,24/09/2017,3972,411014,7
C778,5,01/12/2014,2680,411044,7
I445,6,17/07/2017,3108,411035,11
E649,1,27/09/2014,415,411037,9
I590,3,07/12/2013,1797,411019,8
H617,2,02/05/2016,1228,411031,6
B332,4,21/10/2015,2412,411037,4
B442,4,04/03/2015,1600,411028,7
A455,3,28/03/2013,1845,411031,6
H363,1,02/07/2015,675,411034,8
K910,4,11/10/2017,2524,411033,8
H142,5,24/07/2013,2070,411045,3
D621,5,16/05/2014,2435,411031,6
L258,4,04/02/2016,1792,411015,9
E825,4,04/06/2017,2296,411020,6
E877,2,12/08/2015,1062,411040,9
C977,5,12/12/2013,3075,411022,7
B729,5,17/09/2017,3285,411025,11
G616,1,10/05/2017,488,411012,11
A892,5,05/12/2013,3380,411026,6
D388,4,21/01/2016,1608,411028,9
K579,3,22/07/2015,1548,411039,9
I855,6,06/10/2014,3702,411027,5
L741,1,20/08/2013,444,411031,9
C334,3,07/10/2015,1692,411040,3
C544,6,28/03/2016,2526,411012,6
H734,1,17/04/2017,473,411038,5
H616,4,20/09/2016,1832,411044,3
H997,3,13/05/2016,1881,411025,3
K778,5,14/10/2013,2990,411027,5
J873,5,07/11/2013,3430,411045,7
B898,6,18/06/2017,3660,411036,4
J104,2,12/09/2015,1204,411029,11
J525,3,27/11/2015,2091,411014,8
C262,4,11/03/2017,1832,411042,5
H315,6,17/06/2016,3132,411012,10
B712,5,19/04/2013,2420,411035,3
L174,6,15/12/2017,2466,411024,5
H934,2,25/03/2014,1308,411037,8
D161,2,05/01/2015,956,411024,4
F220,1,01/07/2016,441,411025,11
K130,1,25/05/2017,475,411017,6
J432,3,05/10/2015,1935,411047,8
F261,1,27/03/2013,669,411035,10
A518,6,18/11/2015,3324,411026,5
E763,2,06/09/2014,1132,411012,7
B383,1,22/07/2014,530,411027,10
C504,2,26/04/2015,956,411032,3
D278,1,23/12/2015,424,411046,5
I228,4,11/02/2015,2408,411044,10
K698,3,20/10/2014,1470,411042,8
J749,1,19/05/2015,648,411017,4
I824,3,19/02/2014,1440,411046,6
D808,2,19/08/2014,866,411018,8
I892,5,18/05/2015,2910,411029,8
K671,2,24/10/2014,822,411016,3
I754,4,07/12/2017,2384,411047,3
D896,2,18/10/2015,1288,411025,9
L859,6,28/08/2015,3756,411027,4
I173,6,07/09/2017,3042,411025,8
H597,6,16/04/2016,2544,411021,5
K123,3,21/12/2015,1851,411040,10
J154,1,24/06/2016,475,411029,5
I250,4,12/03/2015,2324,411034,11
B649,2,03/05/2013,988,411046,4
G649,6,05/03/2016,3780,411046,8
E235,1,18/08/2017,525,411014,3
A581,2,28/07/2013,1298,411024,3
E881,3,15/06/2017,1926,411046,8
I190,2,13/12/2015,1336,411026,5
F410,3,18/04/2017,1623,411027,10
D212,6,11/10/2017,4080,411043,11
H571,1,05/12/2017,417,411031,11
D539,6,03/08/2017,2466,411022,4
J816,3,15/06/2014,1698,411020,7
J822,4,19/05/2014,2660,411040,8
L936,4,10/11/2014,1676,411045,4
L823,1,15/06/2015,636,411026,7
B308,1,15/06/2014,640,411015,4
F250,6,06/09/2014,3036,411028,7
A980,4,16/04/2015,2448,411022,3
K734,2,05/05/2015,960,411031,3
I339,6,01/05/2017,2724,411016,8
E787,2,05/05/2017,1396,411037,4
B539,2,20/08/2016,994,411020,8
L125,3,12/08/2016,1326,411029,7
E348,3,27/08/2017,1908,411013,11
C142,6,05/05/2014,2706,411043,7
A413,6,07/07/2016,3756,411041,3
E786,1,16/06/2014,503,411037,7
K766,3,15/10/2013,1590,411031,11
E245,4,18/02/2017,2408,411027,4
I601,1,04/08/2017,420,411039,6
D205,1,14/09/2015,431,411020,10
L277,2,28/05/2015,1176,411029,4
G838,3,19/12/2014,2031,411041,9
K162,5,03/08/2017,3220,411044,8
B893,4,24/01/2017,2328,411028,10
H854,5,02/02/2015,2555,411013,5
J595,6,10/04/2016,2868,411017,3
K937,2,12/01/2013,944,411012,6
L145,3,24/05/2014,1902,411020,3
C320,1,24/09/2014,446,411020,5
K238,1,02/12/2014,534,411044,11
J746,3,17/11/2017,1941,411026,11
K222,4,13/09/2015,1760,411036,9
L301,1,01/10/2014,521,411036,7
D421,3,19/09/2015,1899,411015,8
I499,3,21/10/2013,1521,411019,9
J588,6,06/03/2017,3174,411013,3
C120,5,23/03/2014,2600,411032,10
G117,1,26/05/2014,547,411034,8
A808,1,22/06/2016,697,411012,8
C143,4,24/02/2016,2120,411020,10
G263,1,03/09/2014,448,411037,8
L906,3,12/06/2016,1983,411044,6
G666,1,05/08/2016,453,411017,11
A281,2,11/10/2014,1222,411028,11
F330,1,13/09/2016,478,411017,7
K328,6,12/10/2017,4008,411037,8
K333,2,14/11/2015,1262,411021,3
G995,6,07/05/2014,3990,411015,11
I206,3,12/07/2014,2013,411045,8
K856,4,24/09/2015,2260,411026,11
D717,5,23/02/2016,2105,411044,5
I249,3,17/02/2013,1407,411042,3
F779,1,03/09/2013,634,411029,8
G292,2,06/02/2016,1400,411046,4
B909,5,04/02/2014,3495,411012,7
B975,6,25/05/2015,3762,411034,6
F404,3,22/02/2013,1227,411033,4
B653,5,11/09/2016,2380,411040,5
A863,1,04/01/2013,624,411046,11
E909,1,05/06/2013,526,411025,8
J455,2,12/07/2017,1370,411036,10
C297,2,03/12/2016,944,411042,3
C287,4,10/02/2014,2668,411021,10
A420,2,19/08/2015,1314,411031,10
E570,5,15/11/2015,3100,411015,7
H640,6,20/07/2013,2640,411023,3
I853,5,18/11/2015,2905,411013,5
G246,3,22/09/2014,1617,411042,8
K360,3,25/09/2013,1917,411015,3
C987,5,23/01/2017,2235,411046,3
H124,6,24/08/2017,2730,411035,3
I955,5,07/06/2013,2910,411027,11
I762,2,16/02/2014,986,411044,7
L553,3,01/12/2013,1839,411030,7
F118,2,27/12/2014,1312,411026,8
L520,5,10/03/2015,3275,411035,11
D297,6,05/06/2016,3768,411021,4
F656,6,10/06/2013,3114,411030,5
I113,2,06/03/2017,908,411019,5
H561,6,09/12/2016,2484,411029,6
I687,6,11/06/2014,3654,411021,3
B971,5,20/10/2017,3140,411022,9
B595,6,09/07/2016,2478,411030,9
B348,1,01/05/2014,479,411043,5
D939,3,26/12/2016,1323,411023,8
E860,6,05/02/2013,2562,411016,4
E831,4,13/01/2013,1912,411037,10
L111,6,28/12/2013,3804,411025,5
F835,6,08/07/2015,3720,411045,4
I372,2,18/03/2017,874,411033,8
D928,2,12/08/2017,1064,411038,4
K620,5,26/04/2017,2890,411047,4
G707,6,26/11/2014,3096,411015,4
D686,3,10/07/2015,1728,411026,11
C228,3,08/12/2016,2046,411029,10
B783,4,26/09/2013,2188,411045,9
J566,5,26/07/2014,2795,411037,7
B982,1,09/09/2014,670,411027,6
K115,3,22/10/2015,1689,411020,9
I860,3,13/04/2017,1647,411039,5
F451,5,22/12/2016,3210,411046,4
J948,6,20/10/2015,4122,411043,4
D986,3,28/03/2015,1395,411019,8
H367,3,22/10/2016,1494,411040,5
L824,6,22/07/2016,3306,411025,5
F538,4,26/08/2016,2092,411026,4
L347,6,09/12/2016,3672,411016,3
E681,3,13/04/2016,2058,411044,5
I716,2,01/10/2014,1236,411021,11
D177,6,27/12/2013,3426,411016,4
E504,6,08/07/2015,3312,411015,6
G138,5,25/06/2015,2075,411018,7
K498,2,27/10/2014,1372,411047,7
E548,2,11/06/2013,900,411047,3
F810,1,04/02/2017,485,411016,3
C550,3,27/11/2017,1428,411014,5
K324,4,12/06/2013,2260,411021,6
K511,5,25/10/2015,2475,411024,11
J692,4,14/12/2013,1916,411047,5
B103,3,20/11/2017,2076,411028,8
K897,6,19/11/2017,3714,411034,11
J921,1,02/08/2013,487,411037,7
C493,1,19/09/2017,586,411016,4
B213,2,18/09/2013,924,411032,4
E998,2,21/08/2016,882,411017,3
J587,5,21/10/2016,2200,411036,5
H411,4,03/11/2016,2356,411014,3
K150,2,19/04/2015,1096,411021,5
J651,2,12/10/2015,1236,411025,11
F444,4,02/02/2014,1824,411020,10
I833,5,08/03/2016,2905,411044,3
F840,2,27/04/2014,1024,411034,8
G843,3,04/01/2014,1770,411017,10
H281,1,01/11/2017,575,411025,8
I695,2,18/02/2013,856,411036,7
A459,6,12/01/2015,3120,411025,11
C625,2,03/02/2013,924,411014,7
D364,6,21/02/2016,2574,411019,11
L973,6,07/07/2016,2472,411024,3
F775,5,12/02/2015,2610,411020,4
E574,5,16/05/2014,2585,411034,10
J861,1,07/11/2016,509,411039,6
G561,4,17/01/2015,2724,411031,9
G145,1,06/06/2015,408,411046,3
G609,2,01/01/2015,1378,411012,3
L465,2,28/03/2013,1104,411043,10
J832,3,23/10/2015,1926,411034,7
B291,4,25/05/2016,1940,411041,8
G523,2,15/06/2013,1394,411026,7
L396,4,22/06/2016,1700,411023,6
H479,2,12/07/2017,958,411039,5
D226,2,04/03/2013,826,411039,9
L202,4,26/10/2015,2348,411014,4
I775,3,12/02/2017,1839,411015,6
J900,4,05/03/2016,2444,411047,3
B549,4,19/12/2015,2480,411019,5
B150,2,02/12/2015,1032,411019,7
K137,2,24/05/2017,872,411026,4
B681,3,25/11/2013,1284,411037,7
F588,6,18/02/2013,3714,411031,3
H322,3,16/04/2017,1833,411042,6
I205,4,22/07/2013,2280,411018,11
F452,1,16/11/2014,509,411027,4
L196,5,17/03/2016,2180,411042,7
C949,6,10/04/2017,2460,411044,8
J396,5,16/05/2016,3105,411021,3
F682,5,06/03/2015,2210,411043,10
J749,2,09/01/2013,1128,411019,5
C787,1,08/06/2016,426,411018,8
D201,2,11/05/2015,946,411018,5
J353,6,03/07/2014,4050,411036,7
D818,1,22/10/2015,428,411018,4
I649,1,26/02/2017,496,411042,8
B562,4,09/07/2014,2540,411031,6
C662,2,01/04/2013,1354,411022,10
K207,6,18/02/2013,3564,411012,4
E601,6,10/02/2016,3942,411017,5
E392,5,10/06/2013,2985,411023,6
F790,6,25/06/2013,3972,411037,10
A395,4,09/08/2014,1888,411041,10
F728,5,07/06/2017,3415,411037,5
B768,3,24/09/2015,1896,411014,7
L219,5,17/07/2017,2895,411030,11
L230,3,10/06/2013,1749,411025,8
H676,1,05/12/2017,592,411044,7
F461,6,02/08/2013,2724,411034,4
J795,1,23/09/2015,654,411016,3
I117,4,03/01/2016,2568,411037,6
F876,6,09/07/2015,3954,411040,7
L465,4,12/08/2016,2752,411017,11
D135,4,27/04/2015,2148,411014,10
H451,1,11/10/2013,446,411028,9
K838,4,01/07/2013,2628,411016,10
L191,6,10/03/2015,2448,411034,9
E268,3,24/03/2014,1221,411026,8
I666,5,22/09/2015,2805,411035,5
I555,3,13/02/2017,2013,411042,11
J110,2,12/11/2014,1354,411047,4
G515,5,14/05/2016,2685,411036,8
D731,4,19/07/2017,1660,411020,11
B512,6,09/04/2013,3738,411036,11
C499,2,04/07/2014,1140,411026,6
L477,6,20/12/2016,2640,411039,5
C896,6,10/04/2015,3432,411028,9
D124,2,19/03/2013,810,411047,5
F476,2,27/05/2013,1030,411016,5
D374,6,26/04/2016,2466,411033,9
D995,1,17/06/2015,651,411029,8
E418,1,08/04/2016,420,411029,4
J736,6,27/07/2013,3864,411039,5
A767,6,27/04/2014,3402,411017,9
H686,1,08/06/2015,617,411040,4
J680,6,04/08/2017,2598,411028,7
A503,4,17/01/2015,2084,411042,4
B484,1,14/08/2015,592,411039,4
C213,1,10/03/2015,544,411029,8
G636,4,10/10/2014,2628,411037,4
I675,2,03/05/2015,842,411029,10
E896,4,15/03/2017,2368,411036,10
A865,6,21/10/2015,3816,411036,11
D318,5,27/05/2015,3185,411014,4
J479,3,10/01/2015,1782,411015,9
B675,5,07/10/2013,2610,411039,10
L769,4,12/11/2013,2624,411012,5
K229,4,04/02/2017,1892,411044,4
E898,1,03/01/2016,429,411013,8
C542,2,18/06/2017,1396,411016,5
I876,5,28/09/2015,2635,411039,10
C825,2,09/02/2017,1204,411022,8
I710,4,20/11/2017,2360,411017,4
L168,1,13/12/2013,677,411033,6
J663,5,13/05/2015,2650,411014,11
G504,4,03/03/2016,2680,411025,5
K405,2,09/05/2014,932,411020,6
G593,1,06/01/2017,580,411026,5
H901,4,18/08/2017,2256,411013,3
A129,5,13/03/2015,2745,411015,8
I663,5,02/02/2015,2500,411022,5
K487,2,07/02/2014,1202,411046,7
J222,4,09/12/2015,2264,411014,7
G366,5,26/02/2014,2640,411037,7
F976,1,11/02/2017,700,411020,9
E234,5,11/10/2016,2920,411025,4
L565,4,24/12/2014,2132,411046,11
B511,3,24/10/2017,1593,411045,5
L823,1,28/11/2013,428,411022,9
C511,3,05/01/2016,1965,411047,7
A290,3,10/09/2014,1455,411041,4
D771,5,14/06/2016,3100,411035,8
A342,6,23/08/2015,3228,411029,10
B512,1,10/01/2014,605,411021,3
G997,2,02/03/2016,1042,411039,10
A143,2,05/08/2017,824,411018,9
H557,6,11/10/2015,3714,411031,4
K229,3,25/04/2017,1224,411031,6
F975,4,05/02/2015,2580,411032,9
G466,3,25/01/2013,2088,411042,3
J105,1,05/10/2017,404,411012,6
K742,5,15/03/2014,3275,411019,11
K806,4,21/08/2016,2732,411018,8
A311,3,17/06/2015,1761,411045,5
G988,4,13/04/2014,2476,411023,8
J121,6,21/05/2013,3474,411016,11
C204,4,27/05/2016,1812,411018,3
J601,5,19/02/2017,3110,411023,6
F432,4,19/06/2013,2636,411041,3
J854,1,13/04/2013,670,411042,10
C677,5,12/03/2014,2400,411021,5
L192,1,01/08/2016,495,411028,4
F350,1,14/12/2013,699,411032,6
J809,2,13/07/2015,1082,411029,6
H232,5,09/10/2013,2255,411045,8
K685,4,22/04/2014,2044,411017,5
A747,4,14/07/2013,2736,411017,8
F516,5,04/06/2017,3465,411028,9
F748,5,12/11/2016,2925,411036,3
E691,6,18/06/2015,4026,411025,9
G145,6,02/08/2013,2526,411034,10
G988,2,13/01/2016,986,411035,4
B555,4,19/09/2016,2056,411022,5
E950,2,03/02/2014,1224,411047,9
C209,5,22/03/2017,2525,411035,11
A443,1,10/06/2016,419,411045,10
E334,4,07/04/2015,2524,411036,8
G547,6,24/12/2015,3882,411025,7
K109,5,20/06/2016,2435,411019,11
H507,5,16/05/2017,2565,411036,11
K180,4,26/02/2013,1912,411042,6
D265,5,02/04/2013,2490,411039,7
I803,6,25/03/2016,3162,411013,10
G603,6,03/02/2016,3516,411036,6
E133,4,24/12/2017,1900,411039,11
L987,6,17/11/2015,2580,411034,7
F865,4,18/05/2016,1976,411044,9
H250,3,13/07/2015,1422,411020,8
C697,1,23/01/2014,594,411012,11
I768,3,01/09/2013,1983,411025,10
B587,3,10/07/2013,1506,411043,9
G327,6,11/11/2015,4182,411040,7
G665,2,28/09/2015,1086,411032,7
J187,3,02/06/2016,1710,411028,5
J448,5,20/06/2017,2055,411036,6
E918,4,16/08/2016,2768,411042,6
L308,2,13/06/2014,826,411023,8
C390,3,21/09/2016,1701,411014,4
D348,3,26/04/2013,1752,411018,9
F588,6,25/02/2017,2478,411031,6
J127,1,08/01/2016,658,411044,4
B973,2,01/01/2014,954,411032,11
I402,1,15/06/2014,499,411043,5
H679,1,19/05/2013,560,411036,10
D907,6,04/12/2017,3336,411024,3
L125,4,06/04/2017,2540,411041,11
L600,1,24/05/2013,625,411021,9
C211,3,22/06/2013,1494,411046,3
C740,3,05/02/2013,1563,411045,5
I284,6,19/10/2013,2736,411014,3
E668,4,27/10/2016,2052,411026,10
L385,3,19/06/2016,1917,411025,3
J579,4,10/11/2016,2232,411022,11
D589,1,13/03/2013,673,411037,10
H549,4,03/01/2013,2792,411032,7
B309,4,20/07/2015,2392,411046,9
L656,3,08/09/2015,1503,411036,10
K358,6,08/08/2016,3798,411029,7
F758,5,28/02/2014,2855,411038,6
I812,2,20/12/2015,1380,411039,5
C822,5,20/10/2017,3030,411042,5
E701,2,12/03/2017,874,411028,9
D273,2,01/05/2015,928,411041,11
A469,1,28/09/2017,483,411013,11
B447,3,03/08/2015,1527,411019,11
C303,5,10/06/2017,2470,411033,9
B828,4,21/02/2013,2744,411031,9
F532,2,19/01/2016,1144,411012,10
E652,1,15/05/2014,424,411013,5
J599,4,12/07/2013,1832,411022,3
L215,4,14/08/2014,1852,411043,5
F461,2,14/09/2013,1254,411029,3
E188,1,12/12/2017,507,411031,7
F945,2,05/04/2016,1054,411027,11
K801,4,10/11/2016,2008,411021,3
H338,5,08/09/2015,2210,411043,10
G770,1,23/09/2016,502,411043,6
C678,1,12/10/2014,500,411016,11
E112,6,14/11/2014,2532,411030,4
J506,4,28/02/2016,2444,411043,4
C538,6,09/08/2015,2856,411042,4
B650,3,03/07/2016,1323,411038,10
L559,4,26/01/2017,2256,411018,9
B168,4,02/07/2015,1776,411044,10
J521,1,23/02/2014,486,411029,4
I836,1,12/06/2016,559,411046,5
A827,2,09/07/2016,1192,411046,6
H371,6,22/08/2013,3936,411039,5
H816,2,25/06/2017,830,411041,3
K926,4,12/08/2015,1788,411017,10
L823,4,21/02/2013,2144,411038,5
H618,3,11/04/2017,1683,411023,4
A395,1,24/12/2016,558,411034,5
D808,4,26/12/2016,1924,411040,7
F465,2,25/02/2016,956,411040,7
I765,5,26/07/2015,2270,411036,9
L824,6,24/08/2014,3324,411042,3
G255,3,04/07/2013,1323,411031,6
C925,5,17/11/2014,2880,411014,10
L720,3,28/01/2017,1293,411032,5
K640,6,12/04/2013,2982,411035,5
G984,3,09/10/2017,1407,411025,11
I738,1,11/01/2017,414,411024,5
A290,4,23/04/2014,2264,411015,7
B946,5,02/01/2013,3210,411035,8
D469,2,07/09/2014,906,411025,8
H174,1,04/07/2016,508,411020,4
I126,2,14/08/2015,994,411026,4
J619,3,18/01/2016,1203,411012,11
E484,5,09/09/2013,2660,411012,10
I942,4,02/07/2013,2356,411047,10
B854,4,28/09/2016,1756,411021,3
B366,4,17/05/2017,2788,411020,6
B920,1,19/05/2016,586,411029,6
J251,1,26/06/2016,691,411041,3
E447,5,12/06/2015,2400,411032,8
G422,3,28/09/2016,1716,411042,9
D291,2,10/08/2013,898,411014,4
B302,6,14/02/2013,3834,411047,8
G915,1,07/01/2013,659,411018,9
G438,5,10/03/2015,2160,411029,8
H428,4,01/07/2015,2468,411044,5
E587,4,10/04/2013,2236,411044,10
E720,5,15/04/2016,2695,411038,3
J547,2,21/08/2013,928,411043,3
B377,2,10/06/2017,1112,411033,6
A522,2,14/10/2016,812,411018,9
G329,4,09/02/2017,2728,411013,4
K111,4,16/07/2016,1896,411045,8
F965,3,06/09/2015,1911,411023,11
I798,2,04/06/2017,976,411047,3
F248,6,24/01/2013,3132,411031,9
F848,4,07/08/2013,2784,411038,11
J590,3,06/06/2014,1311,411041,8
D882,5,18/11/2017,3320,411032,10
C487,5,18/05/2013,2440,411027,9
F117,3,24/11/2014,1338,411027,4
E325,6,02/05/2014,4002,411018,11
H760,6,22/07/2016,3732,411013,10
I336,5,08/01/2016,2440,411012,11
H731,4,04/07/2015,1728,411026,10
E600,5,22/10/2014,3465,411035,3
B578,5,02/12/2013,2435,411035,4
J444,2,06/12/2013,982,411037,9
L664,3,04/05/2016,1914,411030,5
A437,6,18/01/2017,2856,411046,5
G931,5,06/04/2013,2160,411038,4
D280,5,05/08/2017,3135,411046,4
B663,3,12/07/2013,1260,411037,5
C207,2,24/07/2015,1112,411020,11
K393,3,26/01/2016,1722,411024,7
F303,5,23/09/2014,2295,411036,7
I972,4,13/01/2017,2636,411037,9
A733,2,06/11/2015,982,411014,11
L124,1,01/10/2014,570,411029,8
D765,4,16/09/2017,1608,411040,6
H920,2,24/10/2014,1182,411030,11
C248,5,16/09/2017,2980,411016,3
A566,1,26/04/2014,640,411018,10
A512,1,23/07/2017,646,411012,10
A287,1,17/05/2015,403,411027,5
E471,3,12/07/2015,1635,411033,3
B710,4,17/12/2016,2140,411013,7
A925,5,22/03/2013,2875,411035,5
H812,4,06/04/2017,2104,411047,9
K880,5,22/09/2017,2915,411015,6
L922,4,16/05/2015,1720,411035,3
E951,3,01/04/2016,2064,411047,5
K595,2,12/12/2014,1050,411026,5
L779,4,24/06/2013,1892,411034,7
K599,4,20/03/2017,2188,411015,3
J960,5,07/03/2014,2040,411033,7
C588,2,06/02/2015,1090,411012,6
C702,6,24/03/2013,2700,411016,10
G119,6,24/11/2017,2670,411046,3
K448,5,24/06/2016,3360,411015,10
B330,5,07/05/2017,2550,411019,5
K745,1,15/12/2015,679,411039,7
J250,5,01/07/2016,2725,411031,10
E996,2,27/07/2016,1334,411043,4
L455,5,15/06/2017,2360,411020,10
B939,6,09/12/2017,2448,411037,9
G161,2,15/11/2013,1178,411031,5
C180,4,28/01/2013,1956,411036,9
A533,3,03/07/2016,1626,411041,7
I434,6,10/04/2013,2844,411021,4
C452,6,22/05/2013,2730,411044,5
H183,5,22/12/2016,2955,411035,10
B176,6,06/08/2015,3204,411017,9
D554,2,16/02/2016,1180,411043,10
L724,3,09/03/2014,1437,411032,9
E629,5,17/01/2015,2170,411030,10
J369,1,27/02/2016,530,411016,8
K485,1,25/03/2013,496,411037,9
B944,1,09/08/2013,541,411035,4
H828,6,28/02/2014,3618,411021,9
C887,1,19/02/2013,546,411039,4
B501,5,09/12/2013,2075,411047,4
D798,5,10/08/2015,3225,411019,10
I291,2,23/02/2013,812,411043,5
A322,6,09/11/2016,3408,411013,5
K495,2,09/08/2017,916,411032,8
F673,6,02/11/2014,2634,411036,9
E441,5,20/01/2014,3375,411024,7
K927,1,08/08/2014,460,411024,6
H456,1,15/09/2016,479,411045,4
A338,6,28/08/2013,3852,411045,6
L345,1,26/07/2013,533,411015,11
H744,2,19/11/2017,1072,411043,10
C426,5,21/05/2013,2110,411036,9
F446,5,14/08/2013,3270,411033,10
H945,1,11/04/2013,549,411031,5
D668,6,18/03/2014,2580,411041,3
B896,2,17/09/2015,1114,411025,11
E760,5,22/02/2014,3355,411033,4
B242,1,05/01/2016,551,411012,10
K895,6,23/04/2017,3606,411033,10
E876,1,20/07/2017,700,411046,10
D701,1,08/05/2017,620,411015,6
L956,5,13/05/2016,3240,411031,11
F384,5,26/02/2016,3395,411021,5
G955,4,05/12/2017,2588,411036,7
D427,3,28/05/2017,1890,411012,5
K886,1,14/08/2017,676,411035,9
C811,3,15/12/2013,1605,411037,10
L727,5,10/10/2015,2650,411015,11
I204,3,08/04/2014,2037,411028,8
F525,2,21/09/2015,1228,411044,10
H553,5,07/10/2016,2690,411035,8
A507,6,18/10/2016,3918,411022,8
F645,1,23/01/2014,598,411039,11
B495,3,28/01/2014,1812,411028,4
C858,4,27/07/2015,2356,411032,3
L144,1,06/01/2015,680,411012,8
L385,6,08/01/2016,3948,411043,7
F374,5,28/12/2015,3065,411026,7
F369,4,03/08/2015,1676,411012,9
H880,1,22/03/2015,426,411025,3
I567,1,22/12/2017,407,411035,3
H882,3,06/06/2015,1572,411033,10
B773,4,24/06/2015,2200,411042,9
I252,1,18/05/2015,573,411047,5
J108,6,01/05/2017,3156,411047,6
F757,2,23/08/2013,868,411015,3
H285,3,05/04/2013,1857,411022,11
F330,2,21/07/2016,1122,411020,7
F618,2,19/02/2016,848,411033,7
G442,2,22/02/2017,1092,411022,8
I788,5,05/08/2016,2870,411043,6
A990,2,19/06/2015,1298,411025,6
D133,6,18/08/2014,2628,411039,4
I503,2,20/02/2016,1148,411019,7
K901,4,24/08/2017,2640,411012,9
A148,4,21/01/2017,1636,411047,8
K856,5,07/07/2014,2010,411015,10
A313,3,16/01/2017,1569,411044,6
F528,5,01/05/2013,2460,411018,6
E735,3,07/11/2014,1317,411024,10
H821,5,08/06/2017,2535,411025,10
F659,3,08/04/2013,1674,411018,11
H201,5,19/03/2015,3155,411047,8
G906,2,03/05/2017,976,411046,9
F450,2,04/08/2014,1044,411019,6
G444,6,21/07/2016,2460,411038,7
C715,4,22/12/2015,1904,411024,5
G905,5,28/03/2013,3125,411036,4
A528,1,11/02/2017,630,411020,10
L421,2,05/07/2015,1170,411040,5
I614,3,08/09/2013,1665,411014,7
E797,4,12/01/2014,2236,411036,3
J116,4,21/03/2017,2064,411046,10
F919,4,07/09/2016,2296,411045,4
J197,2,10/02/2015,1358,411016,5
C503,5,07/12/2013,3355,411018,8
B704,3,02/08/2015,1329,411040,11
F127,3,24/04/2014,1668,411034,9
A672,2,12/11/2013,1112,411046,10
I256,2,11/09/2013,1196,411021,6
H270,4,28/07/2015,1772,411045,9
B565,1,01/08/2017,589,411041,5
A809,6,22/09/2013,3492,411044,4
A402,3,04/10/2014,1350,411031,8
D385,6,27/06/2016,2886,411032,10
K906,6,22/11/2015,4146,411042,5
L885,1,06/07/2015,697,411029,6
H761,1,15/05/2016,461,411035,9
D913,4,10/05/2013,2652,411019,9
B654,5,06/03/2014,2625,411029,9
E371,3,19/10/2016,1926,411043,3
F184,2,11/06/2017,948,411046,5
I537,5,26/04/2017,2850,411017,9
K462,6,06/04/2014,2454,411029,9
I277,2,05/09/2015,862,411037,3
G649,3,17/09/2015,1302,411045,10
K983,5,02/05/2015,3490,411014,11
K245,1,21/04/2015,541,411040,9
B216,3,11/09/2017,1803,411017,3
F387,6,08/12/2017,3858,411037,4
G786,3,06/09/2013,1827,411013,5
F691,1,10/06/2015,400,411039,3
C908,4,02/05/2017,2192,411034,7
C161,6,04/06/2015,3996,411033,3
K138,5,08/05/2013,3315,411017,5
C630,5,28/03/2017,2470,411029,8
B607,6,14/01/2015,3774,411026,4
F186,3,08/11/2014,1473,411030,8
C469,3,02/05/2014,2040,411040,4
F105,2,21/02/2015,804,411046,3
E488,2,18/06/2016,1044,411018,6
E808,6,08/04/2015,2742,411013,5
A247,6,02/03/2016,3072,411039,5
L965,6,17/05/2016,2892,411038,6
I452,1,04/06/2014,423,411018,9
D724,1,28/06/2013,525,411043,4
D272,3,24/01/2014,2055,411018,6
E508,5,21/10/2016,3305,411025,10
I491,2,19/04/2017,868,411018,6
A755,1,17/10/2013,438,411014,3
H420,4,07/06/2013,2252,411043,7
I111,2,17/11/2017,1386,411045,7
B472,1,01/09/2016,659,411038,6
J206,5,17/12/2013,3150,411029,7
D934,2,01/07/2013,1348,411026,9
A336,5,24/09/2017,2070,411021,7
C576,6,25/07/2013,2670,411022,4
F673,3,27/07/2014,1227,411042,8
H279,6,06/03/2013,4170,411042,6
I300,5,25/07/2014,2390,411042,11
L670,1,14/02/2015,564,411047,4
G783,2,03/06/2013,1266,411025,4
A306,1,25/12/2014,672,411037,11
C485,6,17/11/2017,2922,411044,7
C874,4,27/03/2016,2128,411045,11
A712,5,14/07/2013,2800,411046,3
H986,3,10/04/2015,2058,411025,9
D233,6,06/10/2015,2862,411024,5
K292,5,08/12/2014,3105,411032,6
B428,2,07/03/2014,1092,411041,5
H372,2,24/03/2017,854,411045,8
H141,6,17/02/2013,2994,411038,4
D703,6,27/09/2015,2700,411022,9
B247,6,25/09/2016,3984,411024,6
D406,4,09/07/2013,2284,411042,5
D915,6,17/01/2014,3840,411039,3
B787,6,16/09/2014,3540,411020,6
I783,5,23/08/2013,3135,411047,3
J919,5,16/05/2017,3415,411012,8
C652,2,01/12/2013,1236,411043,5
K108,5,08/06/2013,2530,411022,3
G646,2,10/06/2016,1392,411016,5
D960,4,14/08/2017,2664,411024,6
D460,6,03/10/2016,2616,411047,9
J163,4,06/12/2015,1924,411041,3
L574,3,15/11/2015,2052,411045,5
D937,2,14/09/2014,820,411030,4
G384,1,05/06/2017,495,411040,11
D770,3,08/12/2014,1371,411041,6
E481,3,02/05/2016,1494,411039,6
B504,1,26/06/2016,552,411042,11
A901,6,10/01/2017,2916,411022,7
J203,4,07/11/2015,2340,411031,4
K152,4,06/04/2014,2768,411019,5
B583,4,25/03/2016,2052,411018,4
F811,3,13/03/2013,2097,411042,10
C473,6,01/09/2015,3510,411028,7
J720,1,23/01/2016,486,411016,9
K841,5,07/09/2013,2780,411031,10
G883,3,12/06/2013,1284,411013,8
B732,5,15/10/2017,3310,411017,9
L216,5,02/01/2017,2045,411012,6
K268,2,04/09/2014,1110,411027,4
I274,1,24/07/2016,512,411026,10
B869,6,03/02/2014,4146,411028,10
J544,2,21/03/2013,1142,411027,7
H175,6,14/08/2013,3120,411036,6
D809,2,09/05/2013,1068,411039,8
L490,3,08/10/2014,1389,411038,10
H744,3,24/03/2013,1254,411043,11
K399,4,07/05/2015,1892,411046,11
J559,2,19/02/2013,898,411033,11
E529,2,26/02/2017,960,411044,10
J811,4,24/03/2013,2500,411012,11
D129,6,02/06/2014,4104,411023,7
G866,2,05/06/2017,1290,411028,10
F922,5,21/06/2013,2925,411016,6
G557,2,20/05/2015,1272,411042,3
H177,5,13/04/2014,3010,411018,3
J379,6,28/07/2013,3708,411037,8
C540,1,26/12/2015,654,411015,11
A661,6,15/01/2017,4014,411042,10
F761,2,18/07/2015,1010,411014,9
B714,6,11/09/2014,4044,411036,3
D903,2,09/02/2016,894,411027,8
I572,1,09/10/2016,485,411032,7
J118,5,24/09/2017,2865,411013,7
B281,1,10/08/2017,599,411038,7
J253,3,07/10/2015,1863,411042,10
K498,3,20/11/2013,2022,411020,8
L222,1,27/02/2015,507,411041,10
J468,2,16/01/2016,1040,411034,6
D546,1,16/09/2014,639,411042,11
B804,1,11/06/2016,435,411034,5
L672,6,18/05/2013,3306,411030,6
A556,2,10/10/2017,1050,411015,6
B224,2,11/09/2014,1134,411014,9
J668,2,07/01/2015,950,411031,8
J386,6,19/09/2015,3204,411047,7
H584,6,26/04/2013,2406,411045,3
L654,5,17/11/2015,2310,411013,7
E642,6,15/09/2014,3870,411019,11
K811,6,20/10/2013,3384,411033,7
I942,1,09/12/2013,671,411028,11
F837,2,15/09/2015,880,411025,5
G728,5,12/09/2016,2700,411040,9
H381,1,10/10/2015,557,411043,9
H103,4,18/02/2017,1708,411035,10
H746,1,18/06/2014,472,411046,7
J441,1,06/05/2014,597,411040,5
A304,5,08/12/2017,2570,411021,10
G319,5,01/08/2016,2005,411038,7
D768,5,04/01/2013,2560,411020,7
J272,3,17/03/2016,1899,411021,5
F375,4,05/09/2013,2220,411017,5
B908,3,21/06/2015,1617,411045,11
D783,5,10/03/2017,2560,411013,6
L750,3,20/12/2016,1479,411026,5
J959,2,13/08/2013,1272,411024,10
F564,2,10/02/2015,1074,411044,11
C858,2,18/08/2015,1124,411041,5
E613,4,03/09/2013,2048,411029,5
D555,6,01/02/2017,3798,411027,6
A569,5,17/09/2014,3130,411036,5
D947,2,23/10/2014,1028,411014,3
J164,3,24/02/2015,1389,411035,5
G271,1,07/04/2015,432,411037,7
F308,1,27/06/2017,449,411020,9
I739,3,27/07/2014,1452,411026,3
J532,2,24/04/2015,1108,411020,10
J749,6,22/08/2016,2706,411025,6
G504,3,02/02/2014,1800,411013,9
G646,5,11/07/2016,2300,411012,7
E820,6,20/03/2017,3798,411036,3
F372,3,05/04/2015,1860,411019,7
G547,2,02/03/2017,1320,411039,8
D195,1,06/11/2015,418,411023,5
J378,3,16/05/2013,1536,411040,11
A488,3,17/10/2015,2022,411037,9
I732,1,07/02/2014,656,411040,8
B765,5,06/01/2016,2585,411025,9
I128,5,03/08/2014,2105,411013,8
E545,2,28/08/2016,986,411038,3
D396,3,07/12/2015,1929,411040,11
D403,4,12/07/2015,2036,411019,10
D431,6,08/06/2014,2628,411020,9
A434,2,02/03/2014,926,411025,10
E519,2,10/02/2013,858,411045,5
H764,4,08/05/2017,1684,411045,11
H758,2,23/12/2013,942,411021,9
H148,6,28/07/2013,2658,411016,3
J758,4,19/02/2014,2252,411012,3
E753,5,26/11/2017,2770,411030,5
B363,5,15/11/2016,2290,411023,10
E764,5,25/10/2013,2440,411036,7
L342,2,27/07/2015,1386,411033,4
H661,6,28/03/2014,3504,411032,4
B862,2,18/07/2014,1332,411042,5
F453,1,26/01/2016,455,411043,10
L556,6,18/07/2013,2970,411035,11
J676,6,02/03/2016,3198,411047,5
B943,6,05/02/2014,2724,411043,11
I821,2,17/10/2015,1066,411017,10
F343,6,09/08/2015,2904,411024,6
I927,2,19/06/2017,1028,411014,9
J609,5,01/12/2016,2825,411024,4
D523,1,06/07/2017,539,411021,9
F828,4,04/08/2016,2620,411031,8
B703,3,18/12/2015,1725,411026,11
G511,2,25/10/2014,1036,411017,9
J164,6,23/11/2014,4098,411038,10
A560,3,24/03/2015,1560,411035,8
J907,1,10/05/2015,401,411015,11
F324,3,14/07/2016,1365,411014,8
I758,3,28/04/2016,1266,411039,3
J392,1,10/10/2014,665,411017,9
D641,4,19/05/2013,1992,411033,5
D155,4,01/12/2014,2316,411026,11
B758,5,06/09/2015,3180,411046,11
L242,5,16/11/2014,2675,411015,4
J937,3,14/10/2014,1545,411016,4
I875,1,25/03/2013,620,411015,8
A869,3,20/06/2014,1299,411021,10
I583,6,24/10/2013,3438,411014,9
H338,4,02/11/2017,2772,411042,6
I420,1,26/05/2016,614,411021,6
B485,3,23/09/2017,2004,411016,6
F913,5,20/02/2013,2715,411023,11
A815,6,20/08/2014,3612,411022,7
G849,1,05/07/2016,463,411032,7
K860,2,24/11/2013,1012,411038,4
C624,3,21/12/2015,2088,411023,3
C392,5,27/03/2017,2695,411012,6
F658,3,27/03/2015,1866,411017,5
D670,1,15/01/2017,466,411012,9
H265,3,09/09/2017,1728,411042,9
H205,4,18/06/2013,1696,411019,4
L517,1,17/10/2017,611,411041,3
L759,3,15/06/2015,1767,411022,10
J312,4,17/10/2017,2240,411034,4
C179,2,15/12/2017,1064,411043,10
G397,3,19/04/2016,1617,411025,3
C945,6,25/09/2013,3240,411036,9
I698,4,07/07/2013,1964,411016,11
B214,2,15/03/2015,1154,411032,11
F948,3,06/03/2014,1203,411030,7
H757,4,05/04/2017,2500,411036,3
I330,2,01/11/2013,1178,411039,10
J627,6,04/09/2016,2532,411030,6
F880,6,28/06/2014,2460,411043,11
J254,2,14/10/2013,1326,411036,11
L378,6,09/03/2017,4020,411041,3
A588,5,25/03/2015,2070,411042,7
D254,5,23/06/2016,3265,411020,5
L430,3,12/11/2014,1476,411040,6
B826,5,24/06/2015,2325,411043,10
D374,5,16/08/2015,2155,411047,3
F914,1,04/02/2013,577,411042,7
D170,4,24/08/2016,1832,411029,8
D379,4,14/12/2017,2088,411029,6
E322,6,27/01/2017,3294,411013,11
F813,5,07/08/2017,3110,411013,10
D665,2,15/05/2015,1004,411029,6
E749,6,16/07/2015,3156,411024,11
D418,2,28/01/2014,1074,411022,8
H651,5,19/02/2015,3060,411034,3
F728,1,28/11/2013,567,411035,6
D675,4,28/09/2017,2576,411013,3
D539,2,19/01/2014,836,411024,11
C306,2,12/09/2014,1108,411015,5
D187,2,19/11/2015,1176,411031,11
D801,2,24/12/2014,1236,411043,10
L497,4,02/05/2016,2072,411026,3
A793,2,25/12/2013,1084,411024,8
B540,2,23/09/2016,1114,411013,5
B270,5,08/09/2014,2225,411031,11
E284,2,21/04/2013,830,411031,10
H963,6,15/03/2016,2850,411035,6
I953,2,07/04/2014,1196,411033,3
G891,4,21/02/2014,1672,411023,11
C196,6,07/11/2015,3216,411027,9
K123,1,25/06/2016,616,411033,5
A673,2,17/03/2016,866,411044,4
B663,4,11/07/2014,2152,411038,6
J119,3,16/09/2013,1206,411046,3
K607,5,17/10/2016,2790,411021,10
C210,5,05/02/2014,2670,411038,9
F803,1,07/12/2015,496,411041,4
H805,2,18/03/2013,882,411019,9
C460,5,16/11/2014,3250,411017,3
K145,1,21/09/2016,469,411016,7
I479,4,23/04/2013,2660,411030,7
B406,6,02/06/2017,3012,411031,10
K254,5,05/09/2017,3395,411044,6
H417,6,21/10/2016,3450,411014,3
K535,6,20/03/2016,3078,411028,9
E742,1,14/03/2013,459,411029,8
F206,2,25/09/2015,890,411041,5
F902,6,25/12/2013,3912,411025,3
G457,4,10/05/2013,1744,411047,10
I908,4,24/09/2016,1936,411035,8
E278,4,23/06/2014,1996,411043,5
H259,2,09/10/2015,1294,411033,10
L184,6,26/04/2017,3216,411042,4
K998,5,09/01/2017,3440,411028,5
D214,6,02/01/2017,3930,411020,3
A899,1,17/09/2013,464,411015,3
G694,5,22/07/2014,2975,411020,7
G465,4,12/11/2013,2148,411043,9
B350,4,13/03/2013,1864,411046,7
L617,3,04/08/2013,1275,411022,7
A370,5,08/02/2015,2415,411030,3
D626,2,13/03/2016,1180,411022,4
F137,2,22/08/2017,970,411035,10
B801,5,07/07/2013,3015,411043,9
I185,2,05/02/2013,1102,411013,9
B977,3,06/10/2013,1260,411019,10
B349,1,21/03/2017,448,411016,3
A126,6,01/06/2013,3444,411035,4
A494,6,18/11/2015,3726,411047,4
J990,3,17/11/2013,1317,411045,6
E495,4,13/09/2017,2628,411037,3
A395,5,22/03/2014,2360,411044,3
F345,4,12/03/2015,2076,411027,5
I338,5,23/09/2017,3030,411018,11
A437,5,26/10/2016,2335,411035,10
J232,5,12/07/2016,3025,411021,4
I357,6,23/09/2014,3516,411013,10
C758,4,18/01/2016,1676,411018,9
E778,2,09/09/2016,1172,411037,6
D194,6,20/08/2014,3468,411042,7
E490,6,27/08/2017,2856,411022,8
A901,4,13/04/2016,1964,411035,8
D278,3,09/02/2015,1911,411042,4
E883,6,24/11/2017,3018,411017,10
B751,5,03/12/2014,3120,411046,8
B832,2,26/11/2016,986,411027,4
L196,1,06/08/2015,685,411020,7
D845,4,11/09/2017,2000,411045,6
E678,5,22/01/2014,3460,411029,3
B362,4,19/10/2016,2376,411047,7
G774,3,05/04/2017,1677,411026,11
F991,6,18/09/2015,2760,411038,5
D952,1,26/02/2017,573,411038,6
K117,1,27/05/2014,684,411020,6
D243,4,01/03/2016,1696,411025,5
F851,5,02/11/2014,2140,411040,5
L639,3,09/11/2017,1320,411023,9
B498,5,01/02/2013,2035,411028,4
D203,3,22/04/2014,2094,411045,7
G542,4,23/02/2013,2772,411038,6
I908,5,07/02/2016,3450,411038,7
B916,5,04/11/2014,3435,411025,7
H927,1,25/05/2015,448,411047,11
L504,6,18/04/2016,3690,411023,5
G419,3,14/03/2013,1485,411015,11
F679,3,24/01/2015,1896,411037,3
J128,5,25/05/2017,2300,411015,9
D686,5,02/07/2016,2625,411027,3
G247,5,10/06/2015,2670,411039,9
K442,6,21/08/2014,3642,411028,9
B503,6,05/01/2015,3708,411025,9
I679,2,09/05/2013,1064,411040,8
J610,4,21/04/2017,2256,411038,7
K843,2,02/09/2015,966,411045,7
C416,6,20/01/2016,4128,411012,8
I484,1,22/03/2016,435,411039,6
J516,5,01/04/2015,2640,411038,9
F993,6,25/05/2017,4104,411046,8
B101,6,17/03/2013,3402,411038,9
I938,1,28/08/2016,634,411035,9
D819,2,09/10/2014,890,411043,3
K762,1,13/01/2017,550,411029,6
H168,5,01/05/2015,2670,411023,7
J584,6,20/02/2014,3420,411018,3
L978,5,23/04/2016,2750,411014,6
J370,5,16/03/2017,2905,411028,6
I896,2,14/02/2016,872,411033,5
E594,3,03/03/2015,2058,411044,7
F326,2,18/03/2017,896,411034,3
A893,4,17/11/2016,2600,411040,3
B407,2,13/12/2016,1084,411032,10
A314,1,04/04/2013,486,411019,6
F145,6,19/02/2013,2922,411015,11
E815,5,21/03/2017,3210,411039,5
K144,4,04/09/2017,1936,411020,11
D821,5,03/03/2013,2240,411024,11
G829,1,14/01/2017,529,411015,7
C116,4,09/11/2013,2440,411012,5
K168,4,06/06/2013,1712,411037,9
D274,5,02/11/2017,2235,411033,9
L230,1,04/08/2017,620,411038,4
A823,3,14/05/2017,1839,411025,7
D554,4,28/03/2013,2528,411032,9
L804,4,22/03/2013,1760,411033,11
A245,5,25/12/2013,3250,411020,4
J400,5,24/09/2016,3290,411020,5
B483,4,24/07/2015,2028,411046,9
F621,5,05/02/2013,2655,411038,3
G844,2,08/06/2017,966,411046,11
L541,4,19/06/2016,1648,411023,5
I543,4,24/05/2014,2576,411046,3
A105,6,16/05/2014,2760,411041,6
G301,1,21/12/2015,540,411018,7
A367,6,25/01/2017,3672,411022,8
D581,3,10/06/2015,2016,411045,8
H370,2,16/03/2017,1110,411036,8
G901,5,05/06/2015,2640,411013,7
L827,6,13/01/2015,3516,411035,7
K961,3,25/07/2014,1479,411038,9
I533,5,18/02/2017,2495,411046,4
G648,6,25/07/2017,2814,411020,3
L921,3,08/06/2017,1467,411012,10
A429,1,26/04/2015,492,411036,4
F166,1,06/07/2015,423,411033,5
C230,5,09/05/2014,2860,411014,8
L126,6,23/07/2015,2922,411018,8
C669,2,24/08/2014,1012,411026,9
D326,5,14/01/2016,2875,411047,5
L650,1,13/10/2014,493,411043,4
C301,6,22/05/2016,3450,411034,4
B921,6,28/01/2013,3006,411027,11
A614,4,04/05/2013,2304,411020,11
C129,5,10/05/2014,2330,411034,11
L710,2,03/04/2014,1254,411047,7
F336,6,22/03/2015,3162,411023,10
C202,4,13/03/2013,1604,411014,10
G105,6,27/06/2015,4038,411031,8
A913,1,22/08/2014,413,411037,11
I183,2,11/11/2017,882,411012,11
C834,2,18/02/2016,802,411026,10
G244,3,14/11/2014,1833,411025,11
G706,4,18/08/2014,2152,411019,10
J391,5,16/02/2013,3105,411022,9
J939,5,08/10/2015,2055,411042,10
E940,4,27/11/2013,2196,411018,6
D313,3,26/07/2014,1839,411033,9
H791,6,01/04/2014,4146,411046,9
G734,4,10/09/2016,1748,411035,6
K749,5,04/03/2016,3000,411034,11
G283,3,27/08/2013,1233,411020,10
E112,2,05/12/2016,916,411023,5
J969,5,20/02/2016,3390,411028,9
F808,5,11/06/2017,3300,411045,10
C927,3,08/08/2016,1716,411017,9
B536,2,06/02/2016,1044,411028,6
C681,3,21/11/2017,1854,411046,5
D243,6,09/05/2016,3186,411014,10
K404,2,02/04/2016,1076,411041,9
G362,1,03/05/2017,680,411024,4
B981,3,10/01/2015,1353,411021,6
E621,3,27/12/2014,1902,411044,7
D961,6,19/11/2015,3864,411025,9
G388,4,25/09/2013,2004,411012,11
A555,1,03/04/2014,662,411036,4
L851,6,05/06/2013,2694,411034,9
I186,6,04/05/2013,2610,411026,10
K347,6,13/10/2016,2778,411020,7
E480,5,27/02/2014,2050,411017,5
C471,2,10/06/2017,1114,411023,9
C776,6,08/08/2016,2838,411028,7
I525,1,18/03/2014,676,411030,6
C185,6,08/12/2016,3294,411024,5
E204,4,02/10/2015,1648,411045,9
K947,3,04/05/2016,1254,411025,7
H276,1,25/04/2016,652,411030,5
K959,2,11/04/2016,1342,411012,6
K280,3,24/02/2017,1554,411031,6
A889,1,11/03/2015,564,411021,4
A182,6,10/08/2015,3852,411034,11
E367,5,20/11/2015,2210,411041,5
C116,6,06/09/2017,3414,411043,7
C748,2,19/07/2017,1174,411030,10
G844,5,16/09/2017,2805,411043,5
H538,4,13/10/2015,1700,411013,10
A438,4,04/11/2014,2288,411044,10
C374,3,22/03/2017,1632,411018,3
K220,1,01/09/2013,651,411045,10
L913,3,04/09/2016,1812,411017,4
I104,2,21/09/2016,1314,411015,5
H237,3,27/05/2016,1647,411025,3
J725,2,03/07/2013,822,411021,3
G266,1,18/05/2015,528,411023,5
L987,2,26/07/2014,1236,411035,9
E455,3,08/01/2013,1524,411019,5
G136,5,12/06/2015,2825,411030,9
D734,1,23/08/2013,584,411045,4
J665,3,05/10/2015,1260,411024,3
A393,2,25/01/2013,1020,411013,10
F637,6,13/05/2017,2664,411026,8
A497,1,26/11/2017,477,411044,7
K604,6,05/03/2017,3564,411026,10
B445,1,24/04/2016,653,411017,8
K367,2,12/08/2016,1170,411035,6
G116,3,08/02/2015,1323,411043,5
A716,2,17/06/2013,1030,411027,4
D483,2,03/03/2013,1052,411043,6
G192,5,07/12/2014,3280,411016,6
B518,1,03/05/2015,649,411029,11
A903,3,24/11/2017,1485,411037,4
A576,1,05/05/2014,610,411012,4
I271,2,06/03/2013,1300,411032,11
B487,6,01/12/2017,2454,411027,11
K788,3,23/12/2017,2082,411022,7
F956,4,27/10/2017,2744,411026,7
K965,1,17/01/2016,579,411025,5
A295,6,25/04/2016,3894,411021,3
F358,4,04/12/2016,1944,411045,9
B892,6,05/08/2017,3090,411028,11
C552,2,21/03/2016,1284,411042,4
K288,3,24/08/2016,1785,411014,3
J230,3,06/07/2016,1260,411026,9
E571,4,24/03/2014,2148,411031,7
A699,4,18/09/2017,2332,411015,5
D304,4,03/09/2015,2732,411042,9
H944,1,22/01/2014,414,411019,9
A814,5,25/03/2015,3105,411023,3
F365,2,25/06/2015,1024,411047,4
D696,5,23/08/2017,2725,411040,3
J824,6,22/07/2013,3246,411033,5
L642,5,22/05/2016,2895,411026,10
G999,4,08/04/2013,2660,411044,9
K837,4,24/11/2017,2124,411022,7
L960,6,04/11/2015,2634,411024,7
H443,2,08/05/2014,876,411030,3
I643,4,20/07/2014,2788,411035,9
H181,4,15/02/2016,2424,411021,8
G837,5,14/12/2014,3310,411039,8
J393,6,23/08/2016,3180,411025,7
I270,3,11/06/2016,1764,411046,7
I745,6,23/05/2015,4038,411016,8
D218,3,07/07/2017,1311,411027,3
E290,6,26/08/2014,3744,411026,6
E466,1,12/06/2014,600,411022,4
H657,4,18/06/2014,2092,411041,3
A377,6,18/07/2017,3456,411018,10
F634,6,15/05/2016,4050,411032,5
D168,6,13/10/2013,4122,411024,8
B731,5,19/02/2015,3285,411030,7
D961,1,21/05/2017,595,411034,4
F266,6,14/08/2015,3546,411038,3
E728,4,23/07/2014,1872,411015,3
B918,4,02/06/2017,2620,411038,6
A896,6,06/03/2013,4092,411023,8
I624,1,19/07/2015,650,411043,10
I275,3,07/06/2016,1320,411046,5
B368,4,28/10/2016,1980,411041,9
L418,4,09/06/2016,2276,411032,6
D943,6,14/10/2016,3222,411020,3
I691,4,20/05/2017,2320,411019,11
C192,5,20/05/2014,2975,411033,6
E365,4,22/11/2014,2016,411043,6
D337,1,15/12/2016,501,411039,9
L117,3,26/08/2016,1440,411027,11
E117,5,13/09/2017,2415,411016,5
C468,2,17/07/2016,1310,411018,7
H414,2,03/07/2017,936,411034,11
D680,1,20/06/2016,478,411028,5
J852,6,20/01/2014,3558,411046,10
K194,4,28/11/2016,2048,411046,5
K326,6,27/08/2015,4008,411035,5
C115,2,25/07/2017,900,411020,3
C615,5,15/03/2016,2495,411022,8
I859,6,19/11/2016,4068,411014,6
C221,5,24/12/2014,3455,411026,3
J712,1,14/11/2017,485,411029,4
A294,5,01/01/2017,3080,411039,3
B245,5,19/03/2013,2955,411022,10
I576,1,02/02/2015,463,411013,4
L515,2,09/06/2014,982,411039,5
A947,4,23/01/2016,1604,411035,11
E104,4,11/09/2015,2124,411046,5
B165,6,22/06/2013,3090,411013,6
G837,1,23/06/2016,480,411026,7
F374,4,08/05/2014,2128,411026,5
K774,1,27/06/2017,487,411015,4
K187,2,21/06/2016,844,411023,8
J493,6,28/04/2013,3852,411015,7
E552,1,08/07/2013,403,411041,4
H611,2,06/10/2016,918,411042,3
H497,1,23/12/2017,408,411019,11
K252,6,16/07/2017,2952,411035,10
F520,6,06/12/2015,3876,411023,11
D409,2,23/06/2014,1022,411016,9
G292,1,01/10/2017,681,411026,11
L217,6,28/03/2016,4044,411014,9
D774,5,20/05/2016,3410,411038,10
F881,5,10/08/2014,2775,411025,8
J762,4,24/09/2014,2768,411017,11
H805,5,13/10/2017,3400,411013,5
G533,5,10/11/2013,2210,411039,9
B716,4,15/07/2015,2240,411047,4
L705,2,27/09/2013,894,411030,11
I780,6,21/06/2016,2730,411043,3
E657,5,16/10/2016,3035,411035,9
B697,1,18/11/2015,645,411025,5
D884,6,04/07/2016,2682,411025,11
C791,4,23/06/2015,2236,411016,11
E386,2,17/10/2017,1320,411047,3
J889,5,02/07/2015,2260,411019,4
H849,5,15/03/2015,2130,411021,4
L256,6,08/06/2016,2406,411012,11
K273,4,10/04/2016,2016,411015,10
I732,3,12/02/2015,2028,411043,10
K139,1,12/05/2017,417,411038,11
L827,5,28/04/2015,3105,411018,10
G439,6,08/09/2016,4056,411024,8
E718,3,27/12/2015,1401,411033,8
G324,4,14/12/2014,1776,411021,4
I193,6,12/06/2017,2544,411039,6
K558,1,14/02/2015,573,411013,11
B584,1,12/05/2013,546,411034,8
E665,5,21/02/2016,2115,411022,3
A835,5,16/01/2014,2055,411019,11
J917,3,07/12/2015,1560,411017,6
B102,3,13/05/2015,1659,411020,7
K617,4,12/05/2017,2152,411032,6
L157,3,01/01/2013,1794,411027,10
C989,3,18/12/2013,1515,411039,4
H377,1,21/04/2016,664,411036,3
K904,2,25/08/2016,1072,411040,8
K741,4,08/09/2016,1864,411012,5
A940,4,14/04/2013,2324,411017,5
F745,4,19/09/2016,2548,411032,5
B646,5,14/10/2017,2805,411021,10
B799,4,05/05/2017,2756,411012,5
A800,1,25/09/2017,595,411042,4
G248,1,09/11/2016,447,411029,3
L134,6,17/06/2014,3570,411018,7
L600,6,22/08/2014,4194,411040,9
J267,1,05/10/2014,676,411045,4
I686,2,17/06/2015,1364,411027,9
I331,5,16/12/2016,2410,411042,3
I664,5,28/07/2016,2870,411020,5
G672,2,22/05/2013,1070,411031,8
F358,2,06/07/2014,1056,411013,10
F302,6,06/03/2013,2796,411025,6
H392,2,11/10/2016,876,411041,11
J979,2,01/06/2017,1154,411039,8
C692,1,19/10/2017,468,411029,7
B676,3,13/09/2017,1284,411024,11
I121,5,01/11/2015,2935,411037,6
D372,3,03/08/2013,1890,411040,4
L704,3,17/02/2013,1272,411037,6
H333,4,08/10/2016,2140,411040,6
F256,4,27/09/2016,1616,411027,7
B752,2,03/10/2013,1316,411044,9
A709,4,23/12/2015,2084,411032,3
A969,4,13/09/2014,2768,411031,9
B451,1,26/07/2014,522,411013,8
I554,4,24/01/2017,1604,411014,7
B678,2,25/05/2014,1210,411012,10
G140,6,01/04/2017,3510,411035,6
G597,4,17/01/2013,1924,411022,3
E385,6,27/06/2017,3630,411036,11
I825,5,28/06/2015,3020,411023,8
E734,3,10/03/2017,2082,411026,4
B831,3,13/04/2015,1506,411016,8
D519,1,02/10/2015,595,411016,8
D722,5,14/12/2014,2820,411018,11
B579,2,07/03/2013,890,411019,10
G240,3,19/07/2015,1821,411027,3
J919,3,14/06/2017,1542,411040,9
A806,5,16/05/2014,3275,411022,10
G290,3,04/05/2017,1695,411040,9
E775,2,08/07/2014,1268,411033,10
E626,4,23/01/2017,2140,411037,5
D960,5,10/04/2013,3100,411029,6
I346,2,02/05/2014,1076,411021,9
E843,6,05/10/2017,3168,411021,3
C434,4,23/07/2015,1740,411020,9
D288,5,08/03/2017,2920,411043,9
E292,2,27/01/2013,984,411028,6
I825,6,28/07/2013,3222,411044,8
E569,5,17/02/2013,2250,411025,7
A654,3,17/05/2013,1791,411032,5
J835,4,25/04/2014,2556,411028,9
I384,5,12/05/2016,3040,411020,9
G263,6,06/02/2013,3294,411038,6
K263,6,08/07/2017,3654,411023,8
A104,6,13/01/2015,2472,411037,10
C427,5,22/04/2014,2950,411045,4
K501,3,05/12/2013,2004,411032,5
B788,5,04/10/2013,3080,411028,3
K313,4,26/04/2017,2132,411040,3
H617,6,13/10/2015,3750,411028,5
G455,3,10/09/2016,1827,411037,6
F342,6,22/06/2017,2796,411023,11
I245,4,02/02/2017,2364,411045,11
K776,2,10/09/2014,1370,411017,5
J768,2,09/10/2015,1302,411019,7
E488,2,11/11/2013,1392,411020,7
J478,6,01/11/2016,3546,411012,7
C916,4,19/12/2013,1944,411046,8
B562,1,25/01/2016,658,411033,7
H207,6,11/11/2014,3498,411030,8
J133,4,04/08/2014,1792,411026,8
D169,5,25/02/2013,2540,411029,6
L359,5,17/11/2015,2555,411042,6
L940,5,21/05/2017,3370,411046,8
J210,4,28/07/2017,2288,411033,9
A587,1,03/04/2014,595,411033,7
E398,3,08/02/2013,1248,411047,4
I972,2,08/01/2014,1294,411046,5
K174,1,16/10/2016,419,411028,9
L266,4,05/03/2014,2124,411013,11
C217,5,09/10/2017,3120,411043,8
K947,3,13/02/2013,1635,411025,3
L255,1,11/02/2016,674,411017,9
C539,4,22/02/2017,1892,411019,9
B861,4,05/10/2015,2504,411027,7
A968,1,19/07/2016,461,411026,4
I185,3,22/07/2015,1224,411030,5
H133,6,17/10/2014,3072,411018,4
G505,3,07/03/2017,1890,411013,4
A121,6,15/12/2017,2940,411021,11
J940,1,02/07/2016,559,411026,11
G160,3,17/02/2017,2040,411044,9
F689,5,13/10/2013,3320,411023,7
H158,5,01/02/2015,2395,411025,9
E943,2,24/06/2015,904,411021,10
C588,1,02/05/2013,670,411016,3
B189,2,02/07/2014,954,411032,8
I680,1,23/07/2013,440,411035,11
J849,5,15/08/2016,2515,411017,8
K670,1,09/06/2015,691,411037,7
I987,6,17/12/2017,2790,411015,3
F356,3,07/09/2017,1338,411026,9
A540,4,22/06/2015,2592,411033,7
L667,4,22/06/2016,2376,411046,4
H794,2,25/01/2015,934,411028,6
J727,5,11/06/2013,3390,411016,3
E224,5,15/02/2017,2650,411022,11
G475,6,24/11/2015,4062,411045,7
A117,4,12/09/2017,2796,411026,9
G720,5,25/10/2017,3095,411038,7
C222,5,02/04/2014,3220,411023,7
B548,6,28/04/2016,2496,411034,6
C687,5,24/06/2017,3410,411018,9
A246,6,14/10/2013,3780,411028,10
A801,5,20/07/2016,3235,411045,3
F747,4,04/06/2013,2192,411044,6
J230,4,23/10/2013,2764,411013,6
L335,2,20/02/2013,1266,411034,8
J878,5,15/02/2015,3105,411037,11
C940,3,26/12/2017,1875,411013,7
A128,4,02/09/2013,2712,411014,10
F854,6,22/08/2015,4176,411045,3
B142,5,11/12/2015,3160,411033,11
A818,6,20/09/2017,4032,411024,9
I949,4,28/01/2017,2052,411023,9
E894,5,06/03/2014,3215,411013,9
K411,1,04/09/2017,499,411047,5
H881,6,19/08/2017,2760,411015,9
C161,6,17/09/2017,3336,411023,3
E835,1,12/08/2014,487,411013,4
H848,2,16/08/2013,1290,411042,7
L661,4,19/09/2017,2704,411027,5
G943,3,25/07/2013,1704,411031,7
C208,5,01/12/2013,2535,411038,4
L687,2,22/09/2015,804,411035,10
G645,1,05/02/2016,626,411019,6
E962,6,19/10/2016,2958,411037,8
H976,6,10/09/2013,2616,411040,3
G440,5,27/08/2014,2415,411037,6
E322,2,16/05/2015,894,411041,5
B930,1,21/12/2016,590,411038,9
A129,4,01/06/2017,2188,411026,4
L609,4,24/11/2015,2404,411026,7
I387,5,07/07/2014,2045,411025,11
K445,6,18/08/2014,2988,411028,11
C881,3,19/05/2015,1359,411018,11
A918,6,24/04/2016,2748,411031,4
G278,2,25/01/2017,850,411017,4
L660,6,03/01/2016,3606,411034,4
C659,5,13/12/2014,2470,411031,6
I936,2,10/01/2016,868,411041,9
E995,6,19/09/2014,4104,411034,10
K256,3,21/07/2016,1650,411043,6
D914,3,24/03/2013,1941,411037,7
K484,4,06/12/2016,1820,411015,6
B837,3,07/08/2017,1719,411012,11
K305,3,03/08/2017,1395,411031,10
D992,2,22/04/2013,920,411040,6
F798,2,10/01/2016,1348,411045,4
D985,4,13/09/2014,1820,411040,11
D804,5,11/11/2014,2295,411030,6
G888,1,25/04/2016,610,411032,5
J843,5,02/10/2017,2635,411017,4
H500,2,22/07/2016,1268,411041,7
F407,1,05/02/2017,407,411013,7
J668,3,25/03/2017,1998,411012,4
I222,6,12/01/2014,2694,411018,8
C439,2,13/10/2017,892,411040,7
I787,3,01/11/2013,2094,411023,8
A731,4,19/01/2017,2304,411022,4
D699,3,21/12/2017,1407,411024,3
E926,1,27/12/2014,502,411030,3
G283,3,23/08/2016,1683,411045,10
G812,6,14/03/2016,2988,411012,10
B966,5,15/09/2016,3085,411033,3
L909,2,20/04/2014,988,411028,10
I644,5,28/02/2013,2930,411033,4
C445,5,27/03/2013,2555,411015,9
K874,2,22/09/2015,982,411046,3
K190,2,19/12/2013,1372,411018,4
G475,5,19/07/2014,2290,411027,8
B263,1,21/09/2017,432,411032,10
I116,1,17/11/2016,511,411023,5
H925,4,02/02/2015,2684,411047,6
K844,3,10/10/2014,1764,411015,9
J830,5,08/06/2014,3000,411020,6
A195,5,27/07/2017,2560,411019,7
L579,3,06/09/2015,1299,411042,3
G171,2,16/09/2017,1168,411028,7
L380,1,02/10/2013,402,411028,7
D369,2,11/11/2016,882,411013,3
K667,3,07/07/2014,1209,411036,4
A215,6,16/08/2017,3804,411016,8
H906,1,04/12/2017,590,411029,9
J395,3,01/10/2013,1338,411022,3
L218,5,26/02/2014,3225,411028,3
J629,4,28/12/2017,2468,411039,8
B160,6,01/04/2013,3588,411030,11
F332,6,01/05/2015,3588,411030,6
G827,2,18/08/2013,996,411031,11
L377,3,05/05/2017,1890,411020,6
L726,4,15/02/2015,2300,411020,9
H242,6,27/04/2016,3888,411018,7
B500,2,17/08/2017,1254,411015,11
K960,3,17/01/2017,1536,411042,5
C358,4,07/10/2013,1992,411045,6
H276,5,26/10/2017,2685,411044,4
B974,2,07/08/2015,864,411026,8
E508,2,27/11/2014,1084,411021,9
D705,5,22/05/2015,2065,411023,3
F817,4,21/10/2014,1628,411045,7
C216,4,15/11/2016,2188,411020,7
G552,4,16/03/2017,2684,411039,3
L103,3,04/08/2014,1920,411020,7
K329,3,06/04/2017,1557,411036,7
J285,6,15/04/2016,2526,411029,4
C854,3,06/02/2015,1245,411031,11
G454,6,28/01/2017,2868,411033,11
L114,5,16/04/2014,2395,411044,10
F357,1,13/02/2014,648,411044,9
I613,2,20/04/2015,1222,411015,5
B132,5,10/09/2017,2110,411012,11
E566,5,19/04/2015,3350,411031,6
C554,5,16/03/2014,3280,411046,11
A296,4,24/08/2015,1928,411036,9
K637,5,26/07/2017,3285,411026,10
C471,2,14/07/2015,1096,411040,4
C461,4,24/10/2013,2044,411044,8
J860,3,12/09/2017,1338,411032,11
D807,5,23/09/2016,3095,411028,8
A874,4,23/03/2017,2684,411044,4
H196,5,26/03/2013,3005,411018,3
E549,4,19/04/2013,2132,411016,4
C749,6,04/08/2013,3672,411020,6
K288,1,19/12/2015,503,411014,7
H991,4,05/11/2013,2008,411033,5
B731,4,22/09/2017,2764,411024,4
H226,4,28/03/2016,1612,411022,8
H535,4,21/04/2014,1988,411014,6
K488,4,27/09/2017,2164,411021,10
H517,6,09/04/2017,3120,411023,8
A692,5,14/03/2014,2525,411037,3
K261,5,27/07/2015,2810,411019,4
F171,3,08/12/2017,1683,411040,7
K958,6,12/08/2017,2826,411040,4
I487,3,24/04/2013,1971,411028,10
I575,6,11/01/2017,3660,411019,4
F371,3,18/01/2013,1911,411030,3
C925,1,02/12/2014,404,411047,8
E446,2,13/06/2017,1092,411042,11
A614,5,03/11/2013,2585,411044,11
K827,3,12/09/2013,1860,411042,4
H590,6,19/03/2013,3924,411035,11
E835,3,09/04/2013,1962,411042,10
D289,1,18/09/2013,529,411027,5
H484,1,21/01/2013,572,411026,6
K105,2,19/05/2016,942,411036,6
B113,3,16/04/2015,2040,411036,10
K365,3,25/05/2014,2034,411037,7
A368,4,08/06/2015,2620,411025,8
H546,3,12/03/2013,1278,411026,9
G607,6,18/03/2016,2442,411033,6
F885,3,02/10/2014,1959,411036,8
E564,4,04/06/2014,2316,411046,4
G413,5,19/04/2017,2845,411046,8
A631,6,27/03/2014,3042,411042,8
I258,2,17/07/2016,904,411045,11
B143,4,01/07/2015,2696,411032,9
H607,5,20/02/2014,2480,411042,6
B984,1,05/12/2015,565,411025,4
D897,5,13/09/2013,2695,411042,6
J895,1,28/01/2014,478,411037,4
I652,4,12/05/2014,2500,411033,4
J856,3,03/01/2015,1383,411021,7
I606,2,03/11/2014,1368,411025,3
K294,2,06/03/2015,1152,411017,6
I154,5,22/03/2016,3490,411037,9
L493,3,26/04/2016,2025,411013,10
E705,3,28/10/2015,1266,411045,7
J230,2,25/09/2017,1100,411041,4
H274,1,17/05/2016,659,411013,9
F848,1,24/04/2016,517,411038,5
B717,6,13/03/2017,2916,411013,11
H455,2,20/05/2014,954,411013,8
L868,1,02/05/2015,566,411027,9
K985,5,20/08/2013,3245,411034,9
D259,5,04/04/2014,2615,411027,10
I813,3,03/01/2013,1329,411023,9
J476,6,23/07/2016,2874,411024,3
D670,3,01/10/2015,1305,411015,8
J749,3,07/05/2013,1767,411047,3
F776,6,01/06/2013,2418,411027,8
E693,2,06/08/2015,976,411018,3
L391,5,28/12/2017,3125,411043,9
A233,3,10/08/2017,1668,411043,11
C805,4,01/11/2016,2060,411017,11
H584,2,27/12/2013,1352,411016,8
B163,6,05/06/2017,3348,411033,11
K673,5,26/12/2016,3100,411024,5
K704,1,25/12/2014,413,411026,5
B777,2,04/09/2015,832,411029,6
B340,4,20/11/2013,1704,411020,4
J516,4,17/09/2016,1796,411016,6
H379,1,28/11/2014,563,411038,11
E462,6,21/11/2016,2520,411018,7
H842,1,05/10/2015,432,411028,7
G916,6,08/03/2015,3192,411020,7
E786,6,07/06/2016,2412,411047,5
J459,3,26/02/2016,1500,411044,10
H210,2,12/09/2016,1342,411028,8
B306,4,01/08/2013,1964,411025,4
B308,5,13/06/2016,2240,411032,9
F837,6,07/04/2014,2814,411032,3
A872,3,16/09/2013,1791,411045,5
L875,5,10/11/2013,2785,411027,7
C996,3,04/10/2014,1518,411023,11
B416,5,02/02/2015,2670,411016,8
F848,4,23/04/2014,2524,411027,6
J562,1,11/12/2013,583,411013,3
B144,2,11/02/2014,1380,411047,9
E914,5,09/08/2016,3185,411032,10
K205,5,06/06/2016,3105,411033,11
F989,4,07/05/2016,1648,411044,5
K626,4,24/03/2016,2488,411038,10
L178,2,28/04/2017,904,411023,6
G469,5,03/03/2015,2450,411032,3
G301,1,06/04/2014,587,411025,5
K875,2,26/09/2015,1384,411047,8
E283,2,05/12/2016,1022,411020,8
F652,2,01/11/2015,820,411026,11
B260,2,02/06/2016,1068,411020,3
L252,6,27/12/2013,3870,411041,11
L764,2,02/08/2014,1134,411031,11
H663,1,22/08/2014,594,411016,4
B207,3,07/11/2015,1314,411015,4
D177,2,10/01/2014,864,411028,8
B209,6,26/11/2016,3156,411013,9
L309,3,20/12/2014,2085,411014,3
H577,4,23/02/2013,2428,411025,9
I213,2,15/08/2015,1102,411047,3
H374,6,11/11/2013,3276,411025,5
C754,1,08/11/2016,648,411042,9
F604,2,06/07/2013,836,411014,5
J379,2,16/12/2013,1122,411043,3
L292,6,03/04/2014,3066,411041,6
L689,1,01/04/2015,698,411045,9
K158,4,14/03/2016,2288,411030,8
F373,2,26/07/2017,1272,411025,6
F255,5,12/08/2013,2350,411037,9
E230,3,28/05/2013,1383,411038,5
K425,3,28/07/2015,2070,411045,11
I792,3,18/06/2013,1857,411015,11
C622,5,03/11/2017,2085,411016,9
F619,4,07/02/2013,2616,411045,4
L188,3,14/11/2014,1533,411038,10
C210,3,01/12/2013,1827,411044,3
C265,3,16/08/2016,1632,411015,4
A772,6,17/03/2017,4008,411013,7
D318,2,04/10/2014,1370,411033,7
E483,2,06/10/2013,1062,411030,4
G654,1,18/07/2015,578,411030,7
I920,3,21/04/2014,1965,411038,10
A846,6,24/01/2017,4098,411017,6
K973,2,19/02/2014,1024,411012,8
I464,2,16/01/2017,1292,411017,11
D217,6,19/05/2017,3534,411031,10
I983,4,23/07/2015,1700,411046,5
F363,5,08/11/2015,3110,411021,5
E728,6,14/12/2016,3840,411027,7
A874,2,08/12/2017,1186,411018,11
B304,1,13/02/2016,508,411013,6
L530,6,11/10/2017,2718,411038,8
A876,5,17/09/2013,2330,411013,11
F996,2,07/09/2016,1236,411033,9
L426,6,22/05/2014,3204,411032,7
K168,5,26/06/2015,2310,411034,10
E794,5,19/03/2015,3180,411040,7
F542,2,14/10/2014,1034,411022,3
K767,6,10/10/2014,3480,411024,7
D406,6,19/06/2014,4062,411035,6
H549,1,15/10/2017,552,411019,6
F720,6,17/07/2015,4176,411022,4
H344,2,17/02/2014,872,411018,6
I509,4,07/12/2015,2036,411029,11
D925,1,23/01/2017,408,411036,11
L387,4,16/05/2017,1696,411047,11
L528,4,07/07/2013,1620,411021,10
L898,4,27/01/2014,2244,411038,7
E458,2,09/04/2017,1364,411039,11
A105,6,19/04/2016,3834,411035,4
I631,1,01/10/2017,460,411044,4
A581,6,11/08/2017,2892,411035,8
K777,6,12/08/2013,2544,411013,3
A633,6,04/01/2015,2982,411030,3
D198,5,18/11/2017,2715,411025,9
D267,4,17/04/2014,2212,411015,11
H760,6,26/11/2014,3060,411028,10
G293,3,03/02/2014,1263,411016,4
I164,2,06/06/2017,1034,411026,4
G785,3,02/11/2016,2040,411038,3
B438,2,20/08/2016,1248,411013,4
G465,2,10/12/2014,1028,411037,3
C828,2,09/12/2016,1228,411025,6
D785,2,11/07/2015,1322,411013,3
L599,4,20/06/2017,1800,411027,7
F595,6,03/06/2014,2442,411039,6
H890,6,18/09/2015,3786,411042,4
L210,6,12/05/2015,2442,411030,3
K481,3,22/03/2016,1911,411038,4
L294,5,17/08/2017,2440,411030,11
B522,3,28/04/2014,1395,411031,6
E153,1,03/10/2013,626,411038,8
L697,2,03/03/2015,848,411022,5
L230,1,09/07/2017,646,411027,4
E127,3,17/05/2014,1818,411037,11
H235,1,06/08/2013,493,411038,6
I408,3,17/02/2013,1836,411025,8
I752,6,02/09/2016,3504,411029,6
B127,5,22/10/2016,3105,411026,8
L333,5,19/09/2014,2980,411042,5
H654,4,11/03/2016,1612,411026,8
E126,4,27/03/2016,2584,411014,8
I551,2,10/12/2014,1198,411027,6
E863,3,04/12/2015,1806,411029,9
I103,4,22/05/2015,1980,411019,11
A613,5,03/10/2013,2950,411043,8
J504,4,09/11/2016,1632,411017,9
D831,3,10/04/2015,1710,411035,7
D547,2,12/03/2014,992,411025,7
L874,6,22/07/2016,3000,411019,11
F152,2,21/12/2014,1396,411047,9
B962,1,19/06/2013,665,411018,6
F940,6,08/10/2014,3516,411027,8
G249,3,11/01/2017,1245,411019,8
A781,4,13/04/2015,1736,411038,6
J388,4,13/05/2013,2124,411031,8
C821,1,26/03/2015,610,411025,4
L691,1,07/05/2016,685,411017,11
B779,2,05/08/2016,1284,411033,10
K733,1,25/11/2014,535,411046,5
I624,3,23/06/2014,1779,411017,7
C585,5,26/09/2017,2755,411024,7
F974,3,26/07/2014,1563,411029,5
H829,1,09/04/2013,603,411031,7
K573,1,01/10/2015,531,411027,9
J684,1,26/03/2016,538,411012,7
B711,3,15/06/2017,1392,411015,3
G310,2,25/12/2017,1178,411029,3
D905,6,23/10/2013,3924,411032,6
B803,1,27/08/2014,580,411043,7
F909,5,26/10/2017,2685,411042,7
I323,4,10/04/2014,2380,411044,11
I630,4,05/07/2014,1968,411045,4
L197,5,28/07/2016,2185,411038,8
C576,1,12/04/2014,652,411046,3
L805,4,12/10/2016,2212,411025,9
B142,2,03/02/2016,1272,411026,10
K698,2,27/02/2013,1054,411022,9
D949,1,26/02/2016,453,411032,3
E773,6,26/12/2017,3066,411014,10
J960,2,10/04/2015,842,411021,10
C426,3,12/04/2017,1830,411039,3
F700,3,11/05/2017,1278,411041,8
G731,2,24/05/2014,1292,411032,9
I119,3,26/09/2016,2028,411017,10
A803,1,05/05/2015,436,411020,8
F297,1,22/07/2015,531,411042,10
C328,1,10/11/2015,520,411032,7
L677,2,07/07/2017,1086,411028,4
B717,2,07/11/2014,864,411040,11
F583,1,20/08/2014,593,411038,7
G779,5,14/09/2015,3385,411032,7
L335,5,01/12/2014,3010,411026,8
B691,4,22/06/2015,1652,411044,11
H784,1,19/07/2017,455,411020,10
G794,1,23/11/2013,609,411046,6
C884,4,18/07/2015,2132,411040,10
L158,3,13/12/2013,1335,411027,5
K571,2,14/07/2015,812,411022,9
I798,6,08/07/2013,3120,411040,6
F418,5,28/05/2013,2765,411043,7
I640,1,24/12/2015,580,411013,8
J613,4,14/10/2015,2232,411047,4
I662,6,21/04/2014,2982,411039,11
E191,3,08/07/2014,1308,411021,6
G534,6,16/01/2016,2748,411036,4
I952,6,07/09/2017,3726,411027,4
G846,2,27/09/2015,1112,411023,3
B945,5,14/01/2014,3005,411025,10
K941,2,10/02/2013,826,411034,6
E677,1,23/01/2015,570,411012,5
E466,6,14/04/2014,3468,411038,4
B337,3,25/11/2014,1761,411047,3
I826,4,04/07/2016,2612,411040,9
J845,2,14/07/2014,1352,411015,6
D887,1,26/09/2016,471,411015,5
B457,2,20/04/2016,952,411029,4
G315,6,02/08/2014,3054,411034,10
I727,6,02/03/2014,4140,411021,7
D473,3,09/06/2017,1593,411032,4
E420,6,27/11/2015,3306,411024,7
E924,3,02/12/2017,1635,411012,8
H886,2,17/03/2014,1354,411028,9
A653,6,16/11/2013,3102,411026,9
F404,2,25/12/2014,1238,411015,5
F182,1,07/08/2015,688,411013,3
I538,6,13/12/2015,3246,411041,8
K775,5,28/03/2014,2925,411020,7
G968,3,16/03/2014,1659,411036,7
F234,2,27/01/2014,882,411024,11
L920,1,05/02/2014,653,411016,7
F764,4,05/04/2014,1856,411017,3
L376,3,12/12/2016,1293,411046,4
J931,6,18/02/2013,3750,411017,3
D611,5,02/06/2013,2875,411044,7
J513,4,20/01/2017,2056,411035,5
G676,1,04/07/2013,653,411041,3
K759,5,25/12/2017,2205,411037,4
L954,1,09/04/2015,691,411030,11
B194,1,27/04/2015,599,411020,7
A706,3,10/06/2015,1842,411041,5
K925,1,20/10/2015,696,411039,9
G331,2,27/10/2017,1172,411022,9
J482,6,25/01/2017,2460,411015,7
L391,3,07/08/2016,1827,411040,7
G552,6,14/09/2014,3234,411045,4
D236,1,05/09/2013,553,411013,11
C175,5,03/01/2015,3155,411012,11
H964,3,09/01/2014,1770,411034,11
E939,1,25/12/2013,686,411017,10
L205,2,19/07/2016,920,411035,4
G695,5,27/03/2013,2530,411046,6
G624,6,13/07/2013,3594,411013,8
E258,4,26/09/2017,1972,411046,3
C920,1,04/07/2016,612,411015,3
B209,6,06/09/2017,3792,411017,10
H300,1,15/03/2014,608,411014,3
G886,4,07/07/2016,2564,411034,4
H162,2,18/07/2013,1368,411034,11
F535,6,28/07/2015,4008,411046,7
I517,6,07/09/2014,2520,411032,4
D662,3,05/08/2013,1257,411017,7
L483,2,19/08/2015,972,411036,4
I933,1,08/06/2017,526,411041,8
I208,1,17/09/2015,481,411015,9
G862,5,23/02/2014,2790,411026,3
F688,3,16/09/2014,2001,411021,3
D240,2,26/01/2016,972,411017,5
D741,5,02/12/2017,2040,411042,6
K137,3,26/03/2015,1251,411037,7
F508,5,15/11/2016,3215,411013,8
B588,5,16/04/2016,2505,411043,6
B572,6,01/10/2016,3486,411045,3
L489,5,21/03/2015,3090,411016,7
J309,4,20/07/2015,2636,411021,5
F421,2,10/02/2014,1204,411017,7
I247,1,05/08/2015,483,411015,7
B249,6,02/02/2017,3606,411041,3
G992,4,20/07/2015,1652,411035,9
K513,3,06/10/2014,1956,411018,3
F121,6,07/10/2015,2520,411031,3
G520,3,11/02/2013,1926,411030,9
C497,6,10/05/2015,2580,411041,9
D184,2,14/06/2013,1370,411016,5
G366,6,03/11/2017,3432,411028,3
I131,5,06/09/2013,2330,411039,7
F989,4,25/10/2017,2132,411024,7
K658,4,28/09/2013,2756,411035,6
B344,6,15/11/2017,2868,411027,4
J668,3,16/07/2016,2010,411046,9
H405,4,07/05/2013,1600,411036,11
J478,6,27/09/2015,4008,411015,7
D826,2,17/03/2016,984,411034,8
F771,2,21/10/2013,1254,411021,4
E476,4,17/06/2016,2136,411045,9
A257,4,15/02/2015,2552,411040,11
C626,6,03/04/2017,4014,411016,10
H893,5,17/12/2016,2560,411025,4
L359,6,07/02/2015,2754,411042,4
G545,1,08/05/2014,587,411019,3
I982,5,22/08/2017,2270,411022,4
F513,1,20/05/2017,583,411029,4
G488,1,18/07/2017,616,411040,4
H125,4,14/11/2015,1980,411046,3
E536,5,13/11/2017,2245,411039,10
G643,1,12/10/2016,620,411020,3
H787,4,09/06/2016,2700,411015,3
J432,6,26/02/2015,3864,411017,5
L778,3,25/09/2015,1866,411025,11
D496,5,10/04/2013,3500,411018,8
F868,5,18/09/2015,3185,411017,8
F483,4,12/11/2013,2752,411046,8
J354,3,23/08/2015,2082,411032,5
A906,1,16/02/2016,526,411037,11
K914,6,27/07/2013,2472,411047,5
G202,5,12/03/2014,2225,411024,10
H898,6,18/10/2016,4092,411044,7
B611,2,03/09/2013,1310,411036,11
D333,2,21/04/2013,1190,411014,6
E907,2,13/09/2014,1280,411022,6
L572,2,08/05/2013,1268,411047,11
C143,1,26/06/2013,402,411029,10
D126,3,14/10/2015,1794,411043,4
F967,2,04/08/2016,1394,411039,6
K565,1,03/11/2013,687,411045,8
A985,4,10/08/2017,2564,411028,11
D824,6,22/10/2014,2784,411018,7
A755,2,09/02/2015,1284,411037,7
G492,2,24/02/2014,828,411029,11
A103,3,09/06/2017,1950,411044,6
E130,2,14/02/2015,1222,411018,11
L515,1,25/12/2013,697,411028,8
G346,5,02/04/2014,2890,411044,5
H721,6,01/05/2017,2598,411039,3
F197,4,10/04/2016,2416,411046,6
F758,3,22/07/2014,1896,411024,3
D847,4,15/04/2017,1660,411014,3
I749,4,02/09/2016,1840,411047,5
C545,2,18/04/2016,1070,411038,4
C905,1,03/07/2016,462,411040,7
J599,4,09/04/2014,2016,411031,4
D850,2,28/07/2015,1236,411033,7
H671,4,25/07/2015,1772,411018,5
K976,2,01/10/2015,1154,411030,8
L447,2,27/08/2016,1010,411015,6
D940,4,21/10/2016,1848,411027,4
H953,4,13/09/2016,2116,411045,7
K645,3,11/01/2013,1233,411019,7
F916,3,09/05/2013,1554,411042,10
H130,6,07/08/2015,3564,411028,9
L679,5,04/03/2014,2165,411036,8
C973,3,18/09/2017,1545,411021,8
G447,5,22/12/2013,2850,411043,5
H730,6,02/02/2015,3372,411045,10
B467,3,09/01/2015,2049,411021,8
B689,3,21/03/2016,1467,411039,5
C897,3,13/07/2014,1236,411018,10
L177,2,19/05/2016,1354,411036,7
B538,5,22/02/2013,2915,411031,7
L690,2,24/06/2013,832,411043,6
I527,5,06/03/2016,3490,411023,3
L733,2,28/04/2015,1336,411027,6
E776,1,06/02/2014,450,411019,3
D207,5,01/08/2014,3475,411039,9
H405,4,07/11/2017,1900,411020,9
K924,4,09/11/2015,2376,411043,5
H551,1,20/02/2016,687,411035,5
J198,4,01/12/2016,1768,411046,7
C108,1,17/12/2013,501,411025,9
G518,5,26/08/2013,3145,411042,6
C367,2,25/04/2013,954,411033,6
G634,1,10/10/2014,524,411021,4
F629,5,03/05/2017,2125,411025,10
B240,3,15/09/2017,1617,411029,11
E401,4,06/03/2013,1740,411043,3
A255,2,02/03/2013,1156,411037,11
J298,1,12/06/2017,627,411016,10
G603,6,28/04/2016,2916,411032,3
A468,2,14/09/2017,1162,411026,4
D381,5,15/02/2014,2530,411034,3
H546,5,21/04/2017,3365,411045,8
K575,2,14/08/2015,800,411014,10
D721,3,06/06/2013,1419,411045,6
D148,6,09/03/2013,4170,411046,4
E207,4,03/12/2013,1972,411046,10
J251,6,08/11/2015,4008,411047,7
I339,2,20/12/2014,1378,411017,10
A686,1,01/02/2014,648,411042,8
E854,6,26/07/2016,2850,411047,4
J852,2,19/03/2013,878,411026,11
L167,3,23/03/2013,1512,411043,10
D353,5,23/04/2014,2190,411025,8
C454,5,19/07/2015,2480,411043,8
J835,1,09/06/2014,446,411014,7
C506,1,11/11/2015,594,411017,4
H136,1,02/08/2017,637,411047,7
K214,2,20/01/2017,1048,411038,7
L267,6,11/08/2015,4074,411022,3
A571,2,13/09/2014,1260,411016,7
J552,2,04/05/2013,854,411013,7
H218,2,17/10/2015,1306,411015,3
B566,2,20/06/2014,894,411033,10
L980,6,11/06/2017,3384,411014,7
G430,1,04/11/2017,541,411018,6
L445,3,06/09/2013,1278,411019,11
F319,5,17/05/2015,3290,411040,10
J599,3,12/05/2016,2064,411014,3
B809,3,19/09/2015,1269,411028,8
E498,5,16/08/2017,2065,411014,5
F776,5,22/01/2015,3180,411015,5
A629,5,16/12/2016,2365,411042,9
B437,5,08/09/2014,3425,411015,10
F113,6,22/04/2016,3120,411035,11
F880,1,12/04/2016,534,411028,6
C468,6,20/08/2015,3366,411041,4
D381,1,19/10/2016,574,411041,5
L739,5,18/09/2016,3280,411029,9
C919,6,15/05/2014,3516,411014,8
B773,1,19/08/2017,698,411032,4
K190,1,24/03/2014,502,411046,9
K278,6,22/09/2013,3462,411033,4
I337,3,19/02/2014,1989,411015,6
E496,2,22/07/2013,858,411036,7
B299,4,07/02/2015,2252,411017,4
D297,2,09/01/2017,1064,411046,3
H440,1,18/08/2015,434,411044,7
L672,1,01/08/2013,597,411041,8
I280,2,15/09/2016,1226,411029,9
G173,5,06/06/2015,2705,411029,11
C870,6,17/04/2016,2952,411016,11
E970,6,02/02/2014,2658,411015,4
F876,5,01/06/2014,2610,411019,11
D210,3,03/08/2016,1656,411027,5
K356,4,07/02/2013,2712,411039,9
G671,2,25/07/2016,1354,411021,3
I814,3,04/12/2013,1560,411030,5
E113,3,07/09/2017,1434,411041,3
H362,5,08/11/2017,2475,411037,11
K664,6,08/04/2014,3330,411023,8
A712,4,07/01/2015,2388,411013,10
L243,4,02/05/2016,2260,411014,6
J956,2,10/01/2014,1182,411021,8
E790,6,23/02/2015,3072,411034,3
I480,1,01/07/2015,470,411030,10
A710,5,24/10/2014,2280,411043,10
K462,3,02/02/2014,1497,411033,10
E512,5,27/01/2014,2700,411014,7
C261,5,22/12/2016,2435,411038,11
I632,5,24/07/2014,3335,411044,10
K778,2,08/07/2015,1214,411020,7
A537,4,15/02/2013,2700,411039,5
G454,3,08/07/2016,2019,411032,8
J229,1,21/03/2017,401,411044,8
J619,1,24/08/2016,547,411028,6
B426,5,26/03/2017,2270,411018,10
B252,1,20/03/2016,535,411038,5
A966,1,24/03/2013,451,411043,3
L658,5,21/02/2015,2270,411034,4
L415,6,27/05/2013,3048,411022,5
F427,3,12/10/2013,1290,411030,9
F574,4,28/12/2013,2388,411026,6
F805,2,07/07/2016,960,411023,6
C711,3,10/06/2013,1782,411040,6
I844,3,16/06/2016,1650,411015,10
L626,6,01/10/2014,2772,411041,3
G471,3,26/02/2014,1398,411044,11
L586,1,04/09/2017,484,411025,8
G945,2,07/11/2016,962,411040,3
K707,3,10/08/2017,1728,411016,6
B217,4,27/04/2017,2216,411034,5
G981,3,02/01/2016,2085,411023,9
C538,4,21/03/2014,2124,411032,6
A308,5,07/02/2015,2795,411042,10
B423,6,12/01/2016,3042,411036,7
F696,1,03/04/2016,609,411045,6
G416,4,18/10/2016,2344,411040,7
A432,3,06/10/2014,1677,411022,4
J677,3,24/03/2017,1668,411031,3
I858,5,25/04/2014,2370,411030,6
H390,5,01/10/2017,3480,411015,5
J749,4,23/06/2016,2780,411035,9
C547,3,09/09/2013,1212,411030,5
G424,4,26/10/2016,2480,411023,9
I718,3,27/06/2017,1461,411042,8
C413,1,01/01/2017,641,411037,8
E842,1,11/10/2015,423,411024,7
I178,1,22/03/2013,429,411039,9
H484,6,11/06/2013,4002,411031,11
E465,3,01/06/2016,1863,411043,8
G372,5,23/03/2014,3165,411026,5
F681,5,17/01/2013,3250,411038,6
E904,5,21/10/2017,2180,411017,3
D957,1,26/05/2016,494,411017,9
H645,2,05/01/2017,1262,411042,5
H738,4,06/09/2015,2392,411019,8
G637,3,12/05/2014,1839,411044,4
I222,3,16/09/2016,1632,411039,5
E219,4,14/09/2015,2052,411021,7
L716,2,22/08/2014,830,411031,9
J956,1,23/11/2015,627,411046,11
J656,5,21/05/2013,2395,411028,10
G745,4,22/03/2016,1844,411022,5
H746,6,02/12/2013,2454,411018,3
B938,5,10/05/2017,3470,411028,11
I749,2,18/08/2014,992,411034,8
K625,6,24/07/2015,3000,411035,7
B574,5,05/11/2015,2275,411047,11
I307,5,11/09/2017,3095,411014,5
H714,5,15/07/2013,2575,411037,11
F131,4,08/10/2014,2040,411019,11
H726,4,21/10/2017,2424,411020,4
C710,4,18/09/2016,1988,411020,9
H613,1,17/10/2016,673,411027,4
F371,3,14/01/2017,1980,411023,4
C204,2,14/04/2015,1102,411037,4
A355,3,21/01/2014,1539,411028,5
D261,6,07/08/2015,3258,411034,11
K852,3,21/10/2013,1554,411024,3
A156,6,10/04/2013,4068,411026,5
H593,3,15/06/2016,2097,411045,7
B463,6,13/01/2013,2856,411017,11
F710,6,24/08/2013,2892,411029,5
E849,5,10/10/2016,2410,411028,10
E575,4,19/12/2016,2060,411033,10
L824,6,16/09/2015,2910,411040,7
E560,5,24/09/2015,2220,411014,5
H279,5,05/05/2014,2835,411041,9
G311,6,04/05/2016,3378,411033,5
E980,1,22/03/2013,410,411043,9
C196,1,05/05/2013,677,411042,5
L698,5,15/04/2015,2195,411040,9
L813,6,10/08/2014,2970,411046,9
K415,4,25/08/2016,2064,411018,10
L757,2,04/06/2013,1104,411042,7
E407,4,06/02/2016,1628,411020,7
I441,1,23/01/2013,482,411026,5
F239,4,22/09/2013,1784,411012,9
E139,4,21/12/2013,2540,411014,5
D662,6,20/07/2013,3222,411040,10
F984,2,09/01/2015,820,411019,6
E847,3,17/01/2016,2040,411035,9
K922,6,19/04/2016,2886,411026,5
F855,6,25/01/2015,3282,411023,9
J686,2,24/02/2015,942,411027,5
E338,5,22/09/2017,2775,411019,3
A166,5,21/11/2016,3455,411038,4
C821,3,22/03/2014,1404,411020,6
H569,5,11/10/2015,2555,411032,8
J181,5,08/07/2014,2870,411026,7
H361,5,10/02/2016,3410,411047,10
C647,4,08/03/2017,2632,411026,11
I661,4,28/12/2013,2416,411042,6
A935,3,19/05/2013,1869,411017,11
A824,1,06/04/2015,495,411029,3
G872,3,03/09/2017,1704,411030,3
I428,4,05/09/2014,2000,411013,10
D505,3,02/05/2015,1761,411019,3
C883,3,12/04/2017,1752,411037,5
L914,4,03/09/2017,2668,411045,3
K669,3,27/05/2013,1506,411014,5
C561,3,05/03/2017,1767,411046,7
C497,1,06/09/2016,679,411024,5
E816,3,04/12/2013,1494,411014,7
H264,6,18/10/2013,4146,411033,6
G610,4,13/08/2017,1796,411033,9
F949,5,01/09/2014,2925,411026,6
I337,2,21/06/2016,1278,411018,9
L879,3,01/04/2013,1458,411038,8
A344,3,23/05/2016,1878,411019,3
A671,3,26/02/2016,1920,411020,4
J329,2,24/03/2016,1300,411014,5
H264,3,27/12/2016,1443,411023,4
F869,1,08/03/2015,409,411030,4
L558,2,09/09/2014,1330,411021,9
D285,4,27/10/2015,1900,411031,6
I947,1,09/10/2015,576,411025,10
C892,3,13/06/2017,1497,411017,4
J134,2,27/09/2014,960,411042,10
C299,4,08/09/2016,2060,411037,7
J118,2,06/05/2013,1228,411016,5
L126,3,03/11/2015,1722,411024,10
J353,3,03/08/2014,1821,411024,10
I681,4,02/11/2017,2028,411024,9
F785,4,27/06/2017,2136,411038,3
E720,1,15/02/2017,619,411035,9
A528,4,17/11/2016,1716,411047,4
D589,3,02/04/2017,1959,411032,7
G685,3,06/05/2013,1278,411019,6
J636,5,21/08/2014,2325,411018,10
A473,1,16/09/2016,461,411016,3
A718,1,24/12/2013,552,411029,4
D469,4,06/10/2016,2196,411033,9
I332,2,01/05/2016,1290,411046,6
B372,1,02/05/2016,695,411025,8
A733,3,24/01/2014,1320,411037,3
J341,6,07/12/2013,3384,411025,10
J613,1,01/02/2013,566,411034,10
B574,6,26/03/2015,2514,411013,6
H133,1,17/06/2015,595,411047,3
D723,1,19/04/2017,441,411030,8
C513,2,10/03/2017,1158,411045,6
F668,3,22/05/2015,2049,411022,4
A359,3,09/10/2013,2079,411039,6
D422,6,19/06/2017,4134,411017,10
B663,5,18/03/2016,3290,411014,5
D761,6,06/01/2017,4056,411017,8
G497,6,08/05/2017,4002,411042,7
D391,2,02/12/2017,888,411018,5
J379,1,09/04/2017,518,411047,11
D251,4,24/10/2017,2608,411018,8
I186,5,01/02/2015,3460,411032,10
A440,3,11/03/2017,2001,411019,4
H339,3,27/03/2013,1635,411046,7
K851,4,13/05/2014,2172,411036,9
J798,3,04/12/2013,1293,411032,5
J234,1,25/03/2015,698,411036,10
J107,2,06/05/2013,1396,411040,6
L651,2,17/12/2014,1244,411018,4
I741,1,03/12/2014,551,411034,5
I165,6,14/09/2017,4098,411036,3
D288,1,04/05/2017,691,411039,3
K634,4,02/04/2013,2088,411042,5
E374,4,12/03/2016,2568,411032,4
G111,6,10/03/2016,3708,411034,4
E531,6,05/01/2015,2982,411027,3
A443,1,09/04/2016,436,411037,11
D759,4,05/10/2015,2776,411046,5
F980,4,28/03/2017,1980,411020,5
B664,6,17/06/2014,3978,411037,6
I792,6,02/12/2015,2892,411041,5
C119,3,10/07/2017,2019,411015,4
J631,6,14/04/2013,2544,411038,3
L566,1,04/06/2013,402,411047,4
D226,5,05/09/2017,3305,411021,10
L580,6,14/02/2017,3624,411015,10
B978,6,25/09/2014,3204,411041,4
I407,5,07/07/2017,3185,411017,3
B259,4,12/03/2017,2300,411025,3
H814,1,19/11/2015,569,411041,6
C547,5,03/03/2017,2255,411038,3
F738,5,26/04/2015,2195,411032,8
I587,2,02/01/2013,944,411042,3
C788,5,27/05/2015,2740,411047,8
E881,4,08/09/2014,1888,411018,3
L427,4,04/06/2017,2280,411043,3
G308,4,01/08/2013,1752,411044,5
G392,2,17/04/2014,1032,411042,9
C352,4,01/09/2014,2572,411013,8
C266,4,08/10/2017,1756,411023,11
I634,2,19/06/2016,942,411016,8
L241,3,20/07/2014,1287,411031,10
D419,1,18/06/2013,612,411038,6
G208,3,10/01/2013,1272,411028,8
B398,4,09/11/2014,2696,411032,3
B343,5,19/06/2013,2805,411016,5
H410,2,01/08/2016,1082,411045,4
H536,4,14/08/2015,2408,411025,3
H165,3,27/12/2013,2100,411044,6
I859,4,09/11/2016,2348,411017,8
C783,5,06/09/2016,3115,411027,4
B567,6,09/05/2015,2940,411038,4
D267,6,11/04/2016,3942,411028,5
J441,2,18/08/2014,840,411038,8
G900,6,19/02/2013,3528,411025,6
A196,2,14/11/2016,806,411033,3
J286,6,17/10/2014,3024,411047,6
G775,3,17/05/2016,1452,411034,5
D463,2,11/05/2014,1040,411030,3
G247,4,17/10/2014,2752,411030,10
I699,4,08/02/2013,1792,411018,10
F336,6,04/01/2017,3306,411021,6
B808,6,18/11/2017,2958,411025,3
A603,6,14/10/2016,3528,411021,8
F170,3,13/01/2016,1860,411038,9
B975,1,27/02/2014,555,411016,3
J928,3,13/11/2013,2046,411045,5
B434,1,03/02/2013,597,411030,9
L864,6,13/05/2015,3042,411035,10
B955,6,23/05/2017,3450,411047,5
K946,2,05/08/2017,934,411023,10
B789,5,03/01/2014,3010,411034,3
H714,1,03/10/2017,508,411039,3
I988,3,10/10/2016,1407,411026,9
H619,1,01/08/2015,594,411034,11
F370,6,01/03/2017,3690,411025,3
C641,5,01/12/2014,2890,411021,8
B722,1,04/05/2017,671,411037,3
G955,6,11/10/2017,3618,411014,6
D121,4,28/11/2014,2736,411038,11
I873,4,16/01/2015,2028,411046,9
E479,5,05/10/2016,3450,411019,8
H190,5,24/11/2017,3245,411023,5
H702,5,02/12/2013,2905,411042,6
B733,4,10/06/2015,2696,411042,11
K515,3,10/07/2017,1308,411047,4
B346,4,19/09/2014,1628,411046,3
B954,1,26/04/2013,580,411015,3
H741,6,27/10/2013,3462,411016,5
E957,6,10/11/2016,2952,411047,6
H816,6,20/01/2015,4074,411020,7
G730,2,20/10/2015,1046,411047,3
H361,4,10/02/2014,2172,411016,5
I297,6,12/08/2017,2610,411038,7
G474,1,07/11/2017,670,411013,4
F809,1,04/12/2014,600,411036,7
E838,1,22/05/2015,526,411017,4
D460,4,04/11/2014,2616,411046,11
D405,1,05/03/2014,473,411029,10
I507,2,02/01/2017,950,411031,10
D688,4,17/07/2015,2748,411013,3
E550,4,27/12/2014,2064,411041,4
C550,2,05/08/2014,944,411036,3
H236,2,28/05/2014,1188,411046,5
L294,5,09/12/2015,3125,411025,3
F916,6,26/11/2015,3084,411024,6
F382,2,05/06/2015,844,411034,3
F274,1,19/07/2014,693,411012,9
C242,3,18/01/2015,1452,411026,8
C633,6,17/07/2017,2904,411042,4
J733,5,14/11/2015,2205,411046,3
H721,2,05/05/2014,1290,411018,11
H684,2,08/05/2013,1234,411027,10
H770,3,23/07/2013,1755,411016,7
K907,6,12/07/2013,2568,411027,9
D889,2,06/11/2013,876,411046,3
E743,2,04/01/2017,1328,411015,10
G243,2,02/03/2013,1054,411030,7
K301,1,24/11/2015,625,411047,11
G895,4,01/10/2017,2448,411029,8
L236,2,04/07/2017,1054,411024,7
B702,1,18/12/2014,622,411035,7
L387,6,18/10/2015,3006,411040,3
D541,1,06/12/2015,462,411042,5
C694,1,03/02/2013,473,411043,8
F290,1,23/04/2015,623,411014,8
E823,3,04/02/2017,1341,411022,3
J405,2,03/12/2015,996,411015,5
D712,3,13/08/2014,1995,411015,9
C224,5,04/12/2015,2975,411012,8
E833,4,20/03/2014,2792,411020,3
F334,3,27/05/2017,1740,411035,7
E409,3,01/12/2015,1443,411027,7
A244,3,13/09/2013,1800,411039,6
F832,5,02/06/2015,2500,411044,4
C524,1,05/06/2014,678,411019,9
J455,4,05/05/2017,2160,411039,6
J625,3,25/05/2013,1425,411044,6
I163,1,10/05/2016,419,411018,10
G665,2,25/09/2017,1400,411025,9
J800,2,24/11/2014,1400,411032,3
J776,2,01/02/2016,1280,411023,3
E970,3,06/07/2014,1275,411019,8
J741,1,05/05/2014,648,411018,6
B272,1,25/02/2017,598,411031,6
K907,3,12/03/2015,2091,411047,4
F526,3,23/10/2013,2001,411021,7
D452,2,27/12/2014,890,411044,9
B493,4,21/05/2013,2776,411019,5
D128,3,16/04/2016,1743,411046,3
I395,3,07/11/2017,1206,411047,10
H505,1,01/04/2014,646,411039,8
H205,2,13/09/2015,1062,411032,5
G550,4,16/12/2013,2096,411019,9
G128,1,27/03/2013,685,411027,4
H244,1,02/11/2015,476,411035,9
A457,1,15/03/2015,620,411036,3
L989,4,14/01/2016,2308,411021,10
B416,1,14/06/2013,650,411014,11
C836,2,12/11/2014,1142,411025,8
A553,6,02/07/2015,3030,411023,5
D877,6,23/04/2014,2832,411021,9
E557,6,09/03/2017,3468,411019,11
L995,2,28/10/2014,964,411047,10
B559,4,06/08/2013,2144,411016,10
F694,2,03/09/2015,866,411024,3
B304,5,19/05/2017,3315,411039,8
L210,1,09/05/2017,422,411043,10
L426,6,24/11/2013,3480,411023,8
E571,6,05/10/2017,2592,411023,4
D522,6,13/01/2013,2604,411040,8
D500,2,08/01/2014,864,411017,7
F494,4,23/10/2017,1828,411019,7
B988,5,23/04/2015,2735,411022,7
F838,1,03/03/2015,561,411039,10
J812,4,27/12/2014,1636,411039,9
L935,3,05/02/2017,1551,411027,7
H787,4,24/12/2015,2608,411045,4
L632,6,02/02/2013,3684,411021,11
K166,2,15/03/2017,864,411033,4
B658,4,27/07/2016,2104,411027,5
H723,1,10/06/2013,539,411020,5
C104,5,26/09/2015,2685,411032,9
B889,2,27/03/2015,848,411018,5
B570,6,10/12/2017,4026,411018,11
B912,4,04/08/2017,1716,411034,4
F488,4,18/03/2016,2444,411012,9
B123,4,06/10/2014,2620,411013,9
A441,6,20/08/2013,4194,411024,9
K707,6,27/09/2013,4044,411034,3
B296,6,15/06/2014,3582,411033,4
K909,3,24/11/2015,2013,411034,4
C714,2,25/08/2014,1186,411017,4
A504,2,13/04/2017,1256,411043,4
E321,4,21/07/2014,2400,411043,7
H325,4,09/11/2017,1964,411018,11
J274,3,26/07/2014,1635,411036,11
E587,2,16/12/2016,1036,411046,4
E467,3,19/08/2015,1686,411047,6
E247,6,21/10/2013,3558,411033,11
A904,1,27/12/2016,555,411045,11
A727,2,26/01/2015,848,411019,3
F485,2,06/06/2014,1236,411014,4
K604,2,27/02/2014,1178,411012,7
A692,3,12/05/2017,1869,411047,3
D647,3,15/06/2014,1842,411022,4
E714,5,28/12/2015,2875,411024,10
E692,1,04/09/2017,605,411027,4
E444,6,01/10/2016,3498,411021,11
J119,3,21/09/2016,1332,411039,8
J474,3,24/02/2016,1425,411025,9
J647,5,21/07/2015,2560,411027,8
K543,5,26/05/2014,3235,411024,5
J972,5,08/05/2015,3120,411038,11
J328,1,19/09/2013,500,411032,7
K821,3,17/05/2014,1812,411016,8
G760,3,03/11/2013,1671,411030,6
J562,6,15/05/2017,3402,411032,10
D149,5,09/07/2017,2070,411042,7
L164,5,25/05/2017,2240,411045,11
H961,5,14/09/2017,2600,411042,10
J456,1,07/12/2013,582,411046,9
F832,5,23/06/2013,2865,411012,10
J737,2,22/11/2015,838,411015,11
L688,2,28/05/2017,1296,411032,3
K452,5,12/07/2016,3395,411025,7
D806,1,09/06/2015,578,411034,3
A761,4,16/08/2017,2444,411029,8
I512,3,11/04/2017,1251,411013,6
L914,1,18/07/2017,658,411025,7
K767,3,15/08/2016,1224,411035,9
H402,6,01/08/2014,3876,411039,3
D377,4,26/11/2014,2032,411019,9
C914,5,21/08/2014,2615,411033,6
I726,4,07/01/2013,1656,411036,11
F691,6,23/05/2016,2616,411022,3
C586,2,25/03/2015,988,411027,5
J985,5,21/02/2013,2220,411013,3
F746,4,25/05/2013,1768,411041,4
G842,3,06/08/2017,1221,411034,3
K151,3,16/08/2014,1755,411025,11
L322,6,02/05/2015,3708,411037,3
D802,4,24/04/2016,2072,411028,5
D303,5,21/08/2015,3070,411035,8
C808,6,01/06/2015,3864,411033,11
J886,5,10/07/2016,3380,411015,9
K752,1,16/11/2013,641,411030,3
B470,3,20/09/2013,1824,411025,9
I319,2,05/05/2013,928,411012,5
L306,3,14/02/2017,1860,411035,4
F425,5,17/02/2014,2250,411015,10
E698,6,12/04/2015,2772,411018,10
J733,3,09/04/2016,1218,411026,8
I644,6,23/05/2016,3342,411035,3
H437,3,04/12/2013,1749,411022,10
J867,2,22/04/2015,1044,411020,5
L641,4,06/12/2016,2152,411023,11
I210,2,08/09/2016,1370,411047,4
L569,6,22/08/2017,2514,411022,3
J657,4,24/11/2015,2332,411026,10
E787,6,12/01/2017,3858,411043,6
I285,2,14/06/2014,900,411021,5
E994,4,27/07/2015,2264,411020,6
B552,3,14/08/2015,1554,411038,11
I788,2,10/12/2017,1142,411022,3
L486,6,25/07/2014,3804,411014,6
E380,6,01/08/2013,3066,411038,3
F688,6,23/08/2017,4140,411021,9
H396,1,25/02/2014,506,411034,5
C313,4,17/04/2015,2128,411013,5
J196,5,21/05/2016,3235,411022,8
B941,2,13/03/2014,920,411029,5
A552,4,17/04/2017,1816,411042,8
E222,4,11/09/2014,2036,411041,9
K586,2,24/07/2013,1090,411045,3
L164,1,04/11/2013,407,411044,3
E479,1,27/08/2016,428,411035,3
D519,6,25/06/2014,3180,411030,8
J343,5,19/09/2013,2015,411034,6
J990,3,16/09/2013,1446,411016,6
F106,6,17/01/2016,2820,411042,8
B558,5,17/10/2014,3380,411047,11
I484,4,02/10/2013,2340,411012,6
L152,4,23/02/2013,1660,411012,6
F529,4,21/08/2014,2212,411036,7
B534,6,20/11/2015,4122,411022,7
D924,4,16/02/2014,2252,411032,8
K599,1,08/09/2017,618,411046,9
B715,5,13/06/2017,2810,411035,8
G602,6,21/07/2016,3510,411035,9
I168,6,22/10/2013,3504,411018,11
F358,5,11/12/2015,2205,411032,8
E250,5,07/02/2015,3245,411038,7
G175,5,14/04/2017,2060,411039,11
L691,6,18/11/2013,2640,411017,10
L730,3,07/03/2017,1971,411041,9
C865,5,15/04/2015,3110,411019,4
L175,2,09/12/2014,1226,411019,6
D488,4,17/12/2013,1724,411043,9
C687,3,25/07/2017,1806,411021,8
B406,1,12/01/2016,572,411023,11
